nsb,Timestamp_UTC,Timestamp_local
21.759999999999998,2022-03-24 01:00:00,2022-03-23 20:00:00
22.572499999999998,2022-03-24 02:00:00,2022-03-23 21:00:00
22.855,2022-03-24 03:00:00,2022-03-23 22:00:00
23.025000000000002,2022-03-24 04:00:00,2022-03-23 23:00:00
22.865000000000002,2022-03-24 05:00:00,2022-03-24 00:00:00
22.6475,2022-03-24 06:00:00,2022-03-24 01:00:00
21.3075,2022-03-24 07:00:00,2022-03-24 02:00:00
20.95,2022-03-24 08:00:00,2022-03-24 03:00:00
21.345,2022-03-25 01:00:00,2022-03-24 20:00:00
21.985,2022-03-25 02:00:00,2022-03-24 21:00:00
22.1025,2022-03-25 03:00:00,2022-03-24 22:00:00
22.022499999999997,2022-03-25 04:00:00,2022-03-24 23:00:00
21.9925,2022-03-25 05:00:00,2022-03-25 00:00:00
22.235,2022-03-25 06:00:00,2022-03-25 01:00:00
21.9925,2022-03-25 07:00:00,2022-03-25 02:00:00
21.3725,2022-03-25 08:00:00,2022-03-25 03:00:00
20.65,2022-03-25 09:00:00,2022-03-25 04:00:00
20.683333333333334,2022-03-25 10:00:00,2022-03-25 05:00:00
20.54,2022-03-25 11:00:00,2022-03-25 06:00:00
21.36,2022-03-26 01:00:00,2022-03-25 20:00:00
21.4925,2022-03-26 02:00:00,2022-03-25 21:00:00
21.567499999999995,2022-03-26 03:00:00,2022-03-25 22:00:00
21.6025,2022-03-26 04:00:00,2022-03-25 23:00:00
21.615,2022-03-26 05:00:00,2022-03-26 00:00:00
21.5925,2022-03-26 06:00:00,2022-03-26 01:00:00
21.572499999999998,2022-03-26 07:00:00,2022-03-26 02:00:00
21.5275,2022-03-26 08:00:00,2022-03-26 03:00:00
21.369999999999997,2022-03-26 09:00:00,2022-03-26 04:00:00
21.035,2022-03-26 10:00:00,2022-03-26 05:00:00
21.37,2022-03-27 01:00:00,2022-03-26 20:00:00
21.565,2022-03-27 02:00:00,2022-03-26 21:00:00
21.6325,2022-03-27 03:00:00,2022-03-26 22:00:00
21.62,2022-03-27 04:00:00,2022-03-26 23:00:00
21.610000000000003,2022-03-27 05:00:00,2022-03-27 00:00:00
21.6475,2022-03-27 06:00:00,2022-03-27 01:00:00
21.645,2022-03-27 07:00:00,2022-03-27 02:00:00
21.677500000000002,2022-03-27 08:00:00,2022-03-27 03:00:00
21.63,2022-03-27 09:00:00,2022-03-27 04:00:00
21.39,2022-03-27 10:00:00,2022-03-27 05:00:00
20.93,2022-03-27 11:00:00,2022-03-27 06:00:00
21.21,2022-03-28 01:00:00,2022-03-27 20:00:00
21.5725,2022-03-28 02:00:00,2022-03-27 21:00:00
21.562500000000004,2022-03-28 03:00:00,2022-03-27 22:00:00
21.587500000000002,2022-03-28 04:00:00,2022-03-27 23:00:00
21.6675,2022-03-28 05:00:00,2022-03-28 00:00:00
21.720000000000002,2022-03-28 06:00:00,2022-03-28 01:00:00
21.7525,2022-03-28 07:00:00,2022-03-28 02:00:00
21.792499999999997,2022-03-28 08:00:00,2022-03-28 03:00:00
21.755000000000003,2022-03-28 09:00:00,2022-03-28 04:00:00
21.66,2022-03-28 10:00:00,2022-03-28 05:00:00
20.92,2022-03-28 11:00:00,2022-03-28 06:00:00
21.33,2022-03-29 01:00:00,2022-03-28 20:00:00
21.575000000000003,2022-03-29 02:00:00,2022-03-28 21:00:00
21.6875,2022-03-29 03:00:00,2022-03-28 22:00:00
21.7575,2022-03-29 04:00:00,2022-03-28 23:00:00
21.740000000000002,2022-03-29 05:00:00,2022-03-29 00:00:00
21.5425,2022-03-29 06:00:00,2022-03-29 01:00:00
21.525000000000002,2022-03-29 07:00:00,2022-03-29 02:00:00
21.36,2022-03-29 08:00:00,2022-03-29 03:00:00
21.317500000000003,2022-03-29 09:00:00,2022-03-29 04:00:00
21.2825,2022-03-29 10:00:00,2022-03-29 05:00:00
20.79,2022-03-29 11:00:00,2022-03-29 06:00:00
21.36,2022-03-30 01:00:00,2022-03-29 20:00:00
21.654999999999998,2022-03-30 02:00:00,2022-03-29 21:00:00
21.7275,2022-03-30 03:00:00,2022-03-29 22:00:00
21.65,2022-03-30 04:00:00,2022-03-29 23:00:00
21.6925,2022-03-30 05:00:00,2022-03-30 00:00:00
21.67,2022-03-30 06:00:00,2022-03-30 01:00:00
22.1875,2022-03-30 07:00:00,2022-03-30 02:00:00
22.643333333333334,2022-03-30 08:00:00,2022-03-30 03:00:00
22.565,2022-03-30 09:00:00,2022-03-30 04:00:00
22.759999999999998,2022-03-30 10:00:00,2022-03-30 05:00:00
21.485,2022-03-30 11:00:00,2022-03-30 06:00:00
21.880000000000003,2022-03-31 01:00:00,2022-03-30 20:00:00
23.037499999999998,2022-03-31 02:00:00,2022-03-30 21:00:00
22.765,2022-03-31 03:00:00,2022-03-30 22:00:00
22.099999999999998,2022-03-31 04:00:00,2022-03-30 23:00:00
22.825,2022-03-31 05:00:00,2022-03-31 00:00:00
22.4825,2022-03-31 06:00:00,2022-03-31 01:00:00
21.8275,2022-03-31 07:00:00,2022-03-31 02:00:00
21.634999999999998,2022-03-31 08:00:00,2022-03-31 03:00:00
21.63,2022-03-31 09:00:00,2022-03-31 04:00:00
21.5825,2022-03-31 10:00:00,2022-03-31 05:00:00
21.82,2022-04-01 01:00:00,2022-03-31 20:00:00
21.692499999999995,2022-04-01 02:00:00,2022-03-31 21:00:00
21.572499999999998,2022-04-01 03:00:00,2022-03-31 22:00:00
21.6125,2022-04-01 04:00:00,2022-03-31 23:00:00
21.6125,2022-04-01 05:00:00,2022-04-01 00:00:00
21.662499999999998,2022-04-01 06:00:00,2022-04-01 01:00:00
21.8075,2022-04-01 07:00:00,2022-04-01 02:00:00
21.8725,2022-04-01 08:00:00,2022-04-01 03:00:00
21.8925,2022-04-01 09:00:00,2022-04-01 04:00:00
21.8,2022-04-01 10:00:00,2022-04-01 05:00:00
20.51,2022-04-01 11:00:00,2022-04-01 06:00:00
20.99,2022-04-02 01:00:00,2022-04-01 20:00:00
21.235,2022-04-02 02:00:00,2022-04-01 21:00:00
21.65,2022-04-02 03:00:00,2022-04-01 22:00:00
22.012500000000003,2022-04-02 04:00:00,2022-04-01 23:00:00
22.515000000000004,2022-04-02 05:00:00,2022-04-02 00:00:00
22.515,2022-04-02 06:00:00,2022-04-02 01:00:00
22.652499999999996,2022-04-02 07:00:00,2022-04-02 02:00:00
22.3275,2022-04-02 08:00:00,2022-04-02 03:00:00
22.4925,2022-04-02 09:00:00,2022-04-02 04:00:00
22.849999999999998,2022-04-02 10:00:00,2022-04-02 05:00:00
21.34,2022-04-02 11:00:00,2022-04-02 06:00:00
21.19,2022-04-03 01:00:00,2022-04-02 20:00:00
21.4825,2022-04-03 02:00:00,2022-04-02 21:00:00
21.439999999999998,2022-04-03 03:00:00,2022-04-02 22:00:00
21.56,2022-04-03 04:00:00,2022-04-02 23:00:00
21.73,2022-04-03 05:00:00,2022-04-03 00:00:00
21.7525,2022-04-03 06:00:00,2022-04-03 01:00:00
21.735,2022-04-03 07:00:00,2022-04-03 02:00:00
21.76,2022-04-03 08:00:00,2022-04-03 03:00:00
21.7375,2022-04-03 09:00:00,2022-04-03 04:00:00
21.515,2022-04-03 10:00:00,2022-04-03 05:00:00
21.26,2022-04-04 01:00:00,2022-04-03 20:00:00
21.7825,2022-04-04 02:00:00,2022-04-03 21:00:00
21.810000000000002,2022-04-04 03:00:00,2022-04-03 22:00:00
21.709999999999997,2022-04-04 04:00:00,2022-04-03 23:00:00
21.585,2022-04-04 05:00:00,2022-04-04 00:00:00
21.5475,2022-04-04 06:00:00,2022-04-04 01:00:00
21.5925,2022-04-04 07:00:00,2022-04-04 02:00:00
22.284999999999997,2022-04-04 08:00:00,2022-04-04 03:00:00
22.105,2022-04-04 09:00:00,2022-04-04 04:00:00
21.8775,2022-04-04 10:00:00,2022-04-04 05:00:00
20.99,2022-04-04 11:00:00,2022-04-04 06:00:00
21.200000000000003,2022-04-05 01:00:00,2022-04-04 20:00:00
22.072499999999998,2022-04-05 02:00:00,2022-04-04 21:00:00
21.697499999999998,2022-04-05 03:00:00,2022-04-04 22:00:00
21.99,2022-04-05 04:00:00,2022-04-04 23:00:00
22.185,2022-04-05 05:00:00,2022-04-05 00:00:00
22.34,2022-04-05 06:00:00,2022-04-05 01:00:00
22.9375,2022-04-05 07:00:00,2022-04-05 02:00:00
22.61,2022-04-05 08:00:00,2022-04-05 03:00:00
21.5325,2022-04-05 09:00:00,2022-04-05 04:00:00
21.325,2022-04-05 10:00:00,2022-04-05 05:00:00
20.7,2022-04-06 01:00:00,2022-04-05 20:00:00
21.049999999999997,2022-04-06 02:00:00,2022-04-05 21:00:00
21.287499999999998,2022-04-06 03:00:00,2022-04-05 22:00:00
22.7575,2022-04-06 04:00:00,2022-04-05 23:00:00
21.7,2022-04-06 05:00:00,2022-04-06 00:00:00
21.5,2022-04-06 06:00:00,2022-04-06 01:00:00
23.165,2022-04-06 07:00:00,2022-04-06 02:00:00
22.8625,2022-04-06 08:00:00,2022-04-06 03:00:00
22.827499999999997,2022-04-06 09:00:00,2022-04-06 04:00:00
22.647499999999997,2022-04-06 10:00:00,2022-04-06 05:00:00
20.6,2022-04-06 11:00:00,2022-04-06 06:00:00
20.905,2022-04-07 02:00:00,2022-04-06 21:00:00
21.042499999999997,2022-04-07 03:00:00,2022-04-06 22:00:00
21.2425,2022-04-07 04:00:00,2022-04-06 23:00:00
21.445,2022-04-07 05:00:00,2022-04-07 00:00:00
21.67,2022-04-07 06:00:00,2022-04-07 01:00:00
21.6725,2022-04-07 07:00:00,2022-04-07 02:00:00
21.645000000000003,2022-04-07 08:00:00,2022-04-07 03:00:00
21.645,2022-04-07 09:00:00,2022-04-07 04:00:00
21.4125,2022-04-07 10:00:00,2022-04-07 05:00:00
20.695,2022-04-08 03:00:00,2022-04-07 22:00:00
20.823333333333334,2022-04-08 04:00:00,2022-04-07 23:00:00
20.825,2022-04-08 05:00:00,2022-04-08 00:00:00
21.21,2022-04-08 06:00:00,2022-04-08 01:00:00
21.654999999999998,2022-04-08 07:00:00,2022-04-08 02:00:00
21.777499999999996,2022-04-08 08:00:00,2022-04-08 03:00:00
22.005,2022-04-08 09:00:00,2022-04-08 04:00:00
21.669999999999998,2022-04-08 10:00:00,2022-04-08 05:00:00
20.6675,2022-04-09 05:00:00,2022-04-09 00:00:00
20.8975,2022-04-09 06:00:00,2022-04-09 01:00:00
21.275,2022-04-09 07:00:00,2022-04-09 02:00:00
21.7775,2022-04-09 08:00:00,2022-04-09 03:00:00
21.8525,2022-04-09 09:00:00,2022-04-09 04:00:00
21.544999999999998,2022-04-09 10:00:00,2022-04-09 05:00:00
20.717499999999998,2022-04-10 07:00:00,2022-04-10 02:00:00
21.3475,2022-04-10 08:00:00,2022-04-10 03:00:00
21.630000000000003,2022-04-10 09:00:00,2022-04-10 04:00:00
21.503333333333334,2022-04-10 10:00:00,2022-04-10 05:00:00
20.51,2022-04-11 07:00:00,2022-04-11 02:00:00
22.042500000000004,2022-04-11 08:00:00,2022-04-11 03:00:00
22.846666666666668,2022-04-11 09:00:00,2022-04-11 04:00:00
22.2225,2022-04-11 10:00:00,2022-04-11 05:00:00
21.283333333333335,2022-04-12 09:00:00,2022-04-12 04:00:00
22.7175,2022-04-12 10:00:00,2022-04-12 05:00:00
21.13,2022-04-13 10:00:00,2022-04-13 05:00:00
21.205,2022-04-18 02:00:00,2022-04-17 21:00:00
21.33,2022-04-19 02:00:00,2022-04-18 21:00:00
21.1025,2022-04-19 03:00:00,2022-04-18 22:00:00
21.2025,2022-04-20 02:00:00,2022-04-19 21:00:00
21.369999999999997,2022-04-20 03:00:00,2022-04-19 22:00:00
21.4225,2022-04-20 04:00:00,2022-04-19 23:00:00
20.67,2022-04-20 05:00:00,2022-04-20 00:00:00
20.89,2022-04-20 08:00:00,2022-04-20 03:00:00
20.97,2022-04-20 09:00:00,2022-04-20 04:00:00
23.1925,2022-04-21 02:00:00,2022-04-20 21:00:00
23.3925,2022-04-21 03:00:00,2022-04-20 22:00:00
22.9225,2022-04-21 04:00:00,2022-04-20 23:00:00
21.923333333333336,2022-04-21 05:00:00,2022-04-21 00:00:00
21.354999999999997,2022-04-22 02:00:00,2022-04-21 21:00:00
21.677500000000002,2022-04-22 03:00:00,2022-04-21 22:00:00
21.685000000000002,2022-04-22 04:00:00,2022-04-21 23:00:00
21.817500000000003,2022-04-22 05:00:00,2022-04-22 00:00:00
21.764999999999997,2022-04-22 06:00:00,2022-04-22 01:00:00
21.135,2022-04-22 07:00:00,2022-04-22 02:00:00
20.75,2022-04-22 08:00:00,2022-04-22 03:00:00
21.335,2022-04-23 02:00:00,2022-04-22 21:00:00
21.557499999999997,2022-04-23 03:00:00,2022-04-22 22:00:00
21.552499999999995,2022-04-23 04:00:00,2022-04-22 23:00:00
21.585,2022-04-23 05:00:00,2022-04-23 00:00:00
21.495,2022-04-23 06:00:00,2022-04-23 01:00:00
21.310000000000002,2022-04-23 07:00:00,2022-04-23 02:00:00
21.0225,2022-04-23 08:00:00,2022-04-23 03:00:00
20.905,2022-04-23 09:00:00,2022-04-23 04:00:00
20.68,2022-04-23 10:00:00,2022-04-23 05:00:00
21.17,2022-04-24 02:00:00,2022-04-23 21:00:00
21.2925,2022-04-24 03:00:00,2022-04-23 22:00:00
21.447499999999998,2022-04-24 04:00:00,2022-04-23 23:00:00
21.415,2022-04-24 05:00:00,2022-04-24 00:00:00
21.362500000000004,2022-04-24 06:00:00,2022-04-24 01:00:00
21.537499999999998,2022-04-24 07:00:00,2022-04-24 02:00:00
21.5325,2022-04-24 08:00:00,2022-04-24 03:00:00
21.05,2022-04-24 09:00:00,2022-04-24 04:00:00
20.855,2022-04-24 10:00:00,2022-04-24 05:00:00
20.62,2022-04-25 01:00:00,2022-04-24 20:00:00
22.985,2022-04-25 02:00:00,2022-04-24 21:00:00
22.89,2022-04-25 03:00:00,2022-04-24 22:00:00
22.71,2022-04-25 04:00:00,2022-04-24 23:00:00
22.48,2022-04-25 05:00:00,2022-04-25 00:00:00
23.0075,2022-04-25 06:00:00,2022-04-25 01:00:00
23.225,2022-04-25 07:00:00,2022-04-25 02:00:00
23.512500000000003,2022-04-25 08:00:00,2022-04-25 03:00:00
22.680000000000003,2022-04-25 09:00:00,2022-04-25 04:00:00
22.166666666666668,2022-04-25 10:00:00,2022-04-25 05:00:00
21.396666666666665,2022-04-26 02:00:00,2022-04-25 21:00:00
21.520000000000003,2022-04-26 03:00:00,2022-04-25 22:00:00
21.6225,2022-04-26 04:00:00,2022-04-25 23:00:00
21.7125,2022-04-26 05:00:00,2022-04-26 00:00:00
21.697499999999998,2022-04-26 06:00:00,2022-04-26 01:00:00
21.65,2022-04-26 07:00:00,2022-04-26 02:00:00
21.684999999999995,2022-04-26 08:00:00,2022-04-26 03:00:00
21.6125,2022-04-26 09:00:00,2022-04-26 04:00:00
21.16,2022-04-26 10:00:00,2022-04-26 05:00:00
21.483333333333334,2022-04-27 02:00:00,2022-04-26 21:00:00
21.572499999999998,2022-04-27 03:00:00,2022-04-26 22:00:00
21.5675,2022-04-27 04:00:00,2022-04-26 23:00:00
21.6325,2022-04-27 05:00:00,2022-04-27 00:00:00
21.6225,2022-04-27 06:00:00,2022-04-27 01:00:00
21.6,2022-04-27 07:00:00,2022-04-27 02:00:00
21.655,2022-04-27 08:00:00,2022-04-27 03:00:00
21.625,2022-04-27 09:00:00,2022-04-27 04:00:00
21.215,2022-04-27 10:00:00,2022-04-27 05:00:00
21.176666666666666,2022-04-28 02:00:00,2022-04-27 21:00:00
21.43,2022-04-28 03:00:00,2022-04-27 22:00:00
21.505,2022-04-28 04:00:00,2022-04-27 23:00:00
21.4775,2022-04-28 05:00:00,2022-04-28 00:00:00
21.542499999999997,2022-04-28 06:00:00,2022-04-28 01:00:00
21.417499999999997,2022-04-28 07:00:00,2022-04-28 02:00:00
21.432499999999997,2022-04-28 08:00:00,2022-04-28 03:00:00
21.769999999999996,2022-04-28 09:00:00,2022-04-28 04:00:00
22.1,2022-04-28 10:00:00,2022-04-28 05:00:00
21.52,2022-04-29 02:00:00,2022-04-28 21:00:00
21.7025,2022-04-29 03:00:00,2022-04-28 22:00:00
21.95,2022-04-29 04:00:00,2022-04-28 23:00:00
22.105,2022-04-29 05:00:00,2022-04-29 00:00:00
22.104999999999997,2022-04-29 06:00:00,2022-04-29 01:00:00
22.1625,2022-04-29 07:00:00,2022-04-29 02:00:00
22.310000000000002,2022-04-29 08:00:00,2022-04-29 03:00:00
22.33,2022-04-29 09:00:00,2022-04-29 04:00:00
21.71,2022-04-29 10:00:00,2022-04-29 05:00:00
21.53333333333333,2022-04-30 02:00:00,2022-04-29 21:00:00
21.585,2022-04-30 03:00:00,2022-04-29 22:00:00
21.5875,2022-04-30 04:00:00,2022-04-29 23:00:00
21.45,2022-04-30 05:00:00,2022-04-30 00:00:00
21.282500000000002,2022-04-30 06:00:00,2022-04-30 01:00:00
21.2025,2022-04-30 07:00:00,2022-04-30 02:00:00
21.302500000000002,2022-04-30 08:00:00,2022-04-30 03:00:00
21.535,2022-04-30 09:00:00,2022-04-30 04:00:00
21.505000000000003,2022-04-30 10:00:00,2022-04-30 05:00:00
21.400000000000002,2022-05-01 02:00:00,2022-04-30 21:00:00
21.552500000000002,2022-05-01 03:00:00,2022-04-30 22:00:00
21.61,2022-05-01 04:00:00,2022-04-30 23:00:00
21.599999999999998,2022-05-01 05:00:00,2022-05-01 00:00:00
21.5875,2022-05-01 06:00:00,2022-05-01 01:00:00
21.61,2022-05-01 07:00:00,2022-05-01 02:00:00
21.64,2022-05-01 08:00:00,2022-05-01 03:00:00
21.595,2022-05-01 09:00:00,2022-05-01 04:00:00
21.36,2022-05-01 10:00:00,2022-05-01 05:00:00
21.31,2022-05-02 02:00:00,2022-05-01 21:00:00
21.4125,2022-05-02 03:00:00,2022-05-01 22:00:00
21.325000000000003,2022-05-02 04:00:00,2022-05-01 23:00:00
21.244999999999997,2022-05-02 05:00:00,2022-05-02 00:00:00
21.2725,2022-05-02 06:00:00,2022-05-02 01:00:00
21.195,2022-05-02 07:00:00,2022-05-02 02:00:00
21.1575,2022-05-02 08:00:00,2022-05-02 03:00:00
21.255,2022-05-02 09:00:00,2022-05-02 04:00:00
20.89,2022-05-02 10:00:00,2022-05-02 05:00:00
21.566666666666663,2022-05-03 02:00:00,2022-05-02 21:00:00
22.37,2022-05-03 03:00:00,2022-05-02 22:00:00
23.59,2022-05-03 05:00:00,2022-05-03 00:00:00
22.87,2022-05-03 06:00:00,2022-05-03 01:00:00
22.1275,2022-05-03 07:00:00,2022-05-03 02:00:00
21.58,2022-05-03 08:00:00,2022-05-03 03:00:00
21.842499999999998,2022-05-03 09:00:00,2022-05-03 04:00:00
21.98,2022-05-03 10:00:00,2022-05-03 05:00:00
21.360000000000003,2022-05-04 02:00:00,2022-05-03 21:00:00
21.660000000000004,2022-05-04 03:00:00,2022-05-03 22:00:00
21.705,2022-05-04 04:00:00,2022-05-03 23:00:00
21.737499999999997,2022-05-04 05:00:00,2022-05-04 00:00:00
21.7425,2022-05-04 06:00:00,2022-05-04 01:00:00
21.5625,2022-05-04 07:00:00,2022-05-04 02:00:00
21.759999999999998,2022-05-04 08:00:00,2022-05-04 03:00:00
22.15,2022-05-04 09:00:00,2022-05-04 04:00:00
21.84,2022-05-04 10:00:00,2022-05-04 05:00:00
22.123333333333335,2022-05-05 02:00:00,2022-05-04 21:00:00
22.4225,2022-05-05 03:00:00,2022-05-04 22:00:00
23.255,2022-05-05 04:00:00,2022-05-04 23:00:00
23.185000000000002,2022-05-05 05:00:00,2022-05-05 00:00:00
22.597500000000004,2022-05-05 06:00:00,2022-05-05 01:00:00
23.5,2022-05-05 08:00:00,2022-05-05 03:00:00
21.25,2022-05-05 09:00:00,2022-05-05 04:00:00
21.900000000000002,2022-05-05 10:00:00,2022-05-05 05:00:00
20.826666666666664,2022-05-06 02:00:00,2022-05-05 21:00:00
21.835,2022-05-06 03:00:00,2022-05-05 22:00:00
22.0375,2022-05-06 04:00:00,2022-05-05 23:00:00
21.7425,2022-05-06 05:00:00,2022-05-06 00:00:00
22.230000000000004,2022-05-06 06:00:00,2022-05-06 01:00:00
22.137500000000003,2022-05-06 07:00:00,2022-05-06 02:00:00
22.8075,2022-05-06 08:00:00,2022-05-06 03:00:00
22.015,2022-05-06 09:00:00,2022-05-06 04:00:00
21.49,2022-05-06 10:00:00,2022-05-06 05:00:00
20.52,2022-05-07 02:00:00,2022-05-06 21:00:00
21.035,2022-05-07 05:00:00,2022-05-07 00:00:00
21.6275,2022-05-07 06:00:00,2022-05-07 01:00:00
21.779999999999998,2022-05-07 07:00:00,2022-05-07 02:00:00
21.7825,2022-05-07 08:00:00,2022-05-07 03:00:00
21.665,2022-05-07 09:00:00,2022-05-07 04:00:00
21.12,2022-05-07 10:00:00,2022-05-07 05:00:00
20.55,2022-05-08 03:00:00,2022-05-07 22:00:00
20.59,2022-05-08 04:00:00,2022-05-07 23:00:00
20.69,2022-05-08 05:00:00,2022-05-08 00:00:00
20.83666666666667,2022-05-08 06:00:00,2022-05-08 01:00:00
21.1975,2022-05-08 07:00:00,2022-05-08 02:00:00
21.2725,2022-05-08 08:00:00,2022-05-08 03:00:00
21.1975,2022-05-08 09:00:00,2022-05-08 04:00:00
20.82,2022-05-08 10:00:00,2022-05-08 05:00:00
20.64,2022-05-09 06:00:00,2022-05-09 01:00:00
21.2275,2022-05-09 07:00:00,2022-05-09 02:00:00
21.5625,2022-05-09 08:00:00,2022-05-09 03:00:00
21.53,2022-05-09 09:00:00,2022-05-09 04:00:00
20.94,2022-05-09 10:00:00,2022-05-09 05:00:00
20.78,2022-05-10 07:00:00,2022-05-10 02:00:00
21.5325,2022-05-10 08:00:00,2022-05-10 03:00:00
21.599999999999998,2022-05-10 09:00:00,2022-05-10 04:00:00
20.79,2022-05-10 10:00:00,2022-05-10 05:00:00
20.995,2022-05-11 08:00:00,2022-05-11 03:00:00
21.45,2022-05-11 09:00:00,2022-05-11 04:00:00
20.6,2022-05-11 10:00:00,2022-05-11 05:00:00
21.2975,2022-05-12 09:00:00,2022-05-12 04:00:00
20.68,2022-05-12 10:00:00,2022-05-12 05:00:00
21.08,2022-05-13 09:00:00,2022-05-13 04:00:00
20.58,2022-05-13 10:00:00,2022-05-13 05:00:00
20.95,2022-05-15 10:00:00,2022-05-15 05:00:00
21.366666666666664,2022-05-16 03:00:00,2022-05-15 22:00:00
21.45,2022-05-16 04:00:00,2022-05-15 23:00:00
21.15,2022-05-16 05:00:00,2022-05-16 00:00:00
21.27,2022-05-18 02:00:00,2022-05-17 21:00:00
21.2425,2022-05-18 03:00:00,2022-05-17 22:00:00
20.99,2022-05-18 09:00:00,2022-05-18 04:00:00
21.17,2022-05-19 02:00:00,2022-05-18 21:00:00
21.7075,2022-05-19 03:00:00,2022-05-18 22:00:00
21.632499999999997,2022-05-19 04:00:00,2022-05-18 23:00:00
20.78,2022-05-19 05:00:00,2022-05-19 00:00:00
21.29,2022-05-20 02:00:00,2022-05-19 21:00:00
21.740000000000002,2022-05-20 03:00:00,2022-05-19 22:00:00
21.76,2022-05-20 04:00:00,2022-05-19 23:00:00
21.66,2022-05-20 05:00:00,2022-05-20 00:00:00
20.790000000000003,2022-05-20 06:00:00,2022-05-20 01:00:00
21.855,2022-05-21 02:00:00,2022-05-20 21:00:00
22.552500000000002,2022-05-21 03:00:00,2022-05-20 22:00:00
21.847499999999997,2022-05-21 04:00:00,2022-05-20 23:00:00
21.6,2022-05-21 05:00:00,2022-05-21 00:00:00
21.746666666666666,2022-05-21 06:00:00,2022-05-21 01:00:00
21.81,2022-05-21 07:00:00,2022-05-21 02:00:00
22.395,2022-05-22 02:00:00,2022-05-21 21:00:00
22.959999999999997,2022-05-22 03:00:00,2022-05-21 22:00:00
22.334999999999997,2022-05-22 04:00:00,2022-05-21 23:00:00
22.3975,2022-05-22 05:00:00,2022-05-22 00:00:00
22.0125,2022-05-22 06:00:00,2022-05-22 01:00:00
21.245,2022-05-22 07:00:00,2022-05-22 02:00:00
20.66,2022-05-22 08:00:00,2022-05-22 03:00:00
21.52,2022-05-23 02:00:00,2022-05-22 21:00:00
21.720000000000002,2022-05-23 03:00:00,2022-05-22 22:00:00
21.6525,2022-05-23 04:00:00,2022-05-22 23:00:00
21.67,2022-05-23 05:00:00,2022-05-23 00:00:00
21.71,2022-05-23 06:00:00,2022-05-23 01:00:00
21.65,2022-05-23 07:00:00,2022-05-23 02:00:00
21.1475,2022-05-23 08:00:00,2022-05-23 03:00:00
20.766666666666666,2022-05-23 09:00:00,2022-05-23 04:00:00
21.755,2022-05-24 02:00:00,2022-05-23 21:00:00
22.435000000000002,2022-05-24 03:00:00,2022-05-23 22:00:00
22.34,2022-05-24 04:00:00,2022-05-23 23:00:00
22.619999999999997,2022-05-24 05:00:00,2022-05-24 00:00:00
22.6325,2022-05-24 06:00:00,2022-05-24 01:00:00
22.619999999999997,2022-05-24 07:00:00,2022-05-24 02:00:00
22.6725,2022-05-24 08:00:00,2022-05-24 03:00:00
21.935,2022-05-24 09:00:00,2022-05-24 04:00:00
21.343333333333334,2022-05-25 02:00:00,2022-05-24 21:00:00
22.36,2022-05-25 03:00:00,2022-05-24 22:00:00
21.995,2022-05-25 04:00:00,2022-05-24 23:00:00
22.3425,2022-05-25 05:00:00,2022-05-25 00:00:00
22.085,2022-05-25 06:00:00,2022-05-25 01:00:00
22.52,2022-05-25 07:00:00,2022-05-25 02:00:00
22.365,2022-05-25 08:00:00,2022-05-25 03:00:00
22.3425,2022-05-25 09:00:00,2022-05-25 04:00:00
21.51,2022-05-26 02:00:00,2022-05-25 21:00:00
22.005000000000003,2022-05-26 03:00:00,2022-05-25 22:00:00
22.0,2022-05-26 04:00:00,2022-05-25 23:00:00
22.0325,2022-05-26 05:00:00,2022-05-26 00:00:00
22.189999999999998,2022-05-26 06:00:00,2022-05-26 01:00:00
22.57,2022-05-26 07:00:00,2022-05-26 02:00:00
22.8,2022-05-26 08:00:00,2022-05-26 03:00:00
22.392500000000002,2022-05-26 09:00:00,2022-05-26 04:00:00
22.445,2022-05-27 02:00:00,2022-05-26 21:00:00
22.872500000000002,2022-05-27 03:00:00,2022-05-26 22:00:00
22.577499999999997,2022-05-27 04:00:00,2022-05-26 23:00:00
23.117500000000003,2022-05-27 05:00:00,2022-05-27 00:00:00
23.015,2022-05-27 06:00:00,2022-05-27 01:00:00
22.7025,2022-05-27 07:00:00,2022-05-27 02:00:00
22.5825,2022-05-27 08:00:00,2022-05-27 03:00:00
21.544999999999998,2022-05-27 09:00:00,2022-05-27 04:00:00
21.62,2022-05-28 02:00:00,2022-05-27 21:00:00
21.895,2022-05-28 03:00:00,2022-05-27 22:00:00
21.85,2022-05-28 04:00:00,2022-05-27 23:00:00
21.81,2022-05-28 05:00:00,2022-05-28 00:00:00
21.855,2022-05-28 06:00:00,2022-05-28 01:00:00
21.792499999999997,2022-05-28 07:00:00,2022-05-28 02:00:00
21.665,2022-05-28 08:00:00,2022-05-28 03:00:00
21.3925,2022-05-28 09:00:00,2022-05-28 04:00:00
21.45,2022-05-29 02:00:00,2022-05-28 21:00:00
21.8425,2022-05-29 03:00:00,2022-05-28 22:00:00
21.7675,2022-05-29 04:00:00,2022-05-28 23:00:00
21.764999999999997,2022-05-29 05:00:00,2022-05-29 00:00:00
21.7425,2022-05-29 06:00:00,2022-05-29 01:00:00
21.6,2022-05-29 07:00:00,2022-05-29 02:00:00
21.490000000000002,2022-05-29 08:00:00,2022-05-29 03:00:00
21.2575,2022-05-29 09:00:00,2022-05-29 04:00:00
21.53,2022-05-30 02:00:00,2022-05-29 21:00:00
21.7975,2022-05-30 03:00:00,2022-05-29 22:00:00
21.875,2022-05-30 04:00:00,2022-05-29 23:00:00
21.8725,2022-05-30 05:00:00,2022-05-30 00:00:00
21.8775,2022-05-30 06:00:00,2022-05-30 01:00:00
21.7525,2022-05-30 07:00:00,2022-05-30 02:00:00
21.625,2022-05-30 08:00:00,2022-05-30 03:00:00
21.297500000000003,2022-05-30 09:00:00,2022-05-30 04:00:00
21.49,2022-05-31 02:00:00,2022-05-30 21:00:00
21.9725,2022-05-31 03:00:00,2022-05-30 22:00:00
22.109999999999996,2022-05-31 04:00:00,2022-05-30 23:00:00
22.067500000000003,2022-05-31 05:00:00,2022-05-31 00:00:00
21.9475,2022-05-31 06:00:00,2022-05-31 01:00:00
21.849999999999998,2022-05-31 07:00:00,2022-05-31 02:00:00
21.699999999999996,2022-05-31 08:00:00,2022-05-31 03:00:00
21.295,2022-05-31 09:00:00,2022-05-31 04:00:00
21.53,2022-06-01 02:00:00,2022-05-31 21:00:00
21.8375,2022-06-01 03:00:00,2022-05-31 22:00:00
21.5975,2022-06-01 04:00:00,2022-05-31 23:00:00
21.5325,2022-06-01 05:00:00,2022-06-01 00:00:00
21.392500000000002,2022-06-01 06:00:00,2022-06-01 01:00:00
21.305,2022-06-01 07:00:00,2022-06-01 02:00:00
21.247500000000002,2022-06-01 08:00:00,2022-06-01 03:00:00
21.085,2022-06-01 09:00:00,2022-06-01 04:00:00
21.15,2022-06-02 02:00:00,2022-06-01 21:00:00
21.8325,2022-06-02 03:00:00,2022-06-01 22:00:00
22.284999999999997,2022-06-02 04:00:00,2022-06-01 23:00:00
21.915,2022-06-02 05:00:00,2022-06-02 00:00:00
22.055,2022-06-02 06:00:00,2022-06-02 01:00:00
21.8075,2022-06-02 07:00:00,2022-06-02 02:00:00
22.3875,2022-06-02 08:00:00,2022-06-02 03:00:00
22.1875,2022-06-02 09:00:00,2022-06-02 04:00:00
21.12,2022-06-03 02:00:00,2022-06-02 21:00:00
21.702499999999997,2022-06-03 03:00:00,2022-06-02 22:00:00
21.7275,2022-06-03 04:00:00,2022-06-02 23:00:00
21.67,2022-06-03 05:00:00,2022-06-03 00:00:00
21.6675,2022-06-03 06:00:00,2022-06-03 01:00:00
21.662499999999998,2022-06-03 07:00:00,2022-06-03 02:00:00
21.825,2022-06-03 08:00:00,2022-06-03 03:00:00
21.50666666666667,2022-06-03 09:00:00,2022-06-03 04:00:00
20.9,2022-06-04 02:00:00,2022-06-03 21:00:00
21.362499999999997,2022-06-04 03:00:00,2022-06-03 22:00:00
21.465,2022-06-04 04:00:00,2022-06-03 23:00:00
21.5625,2022-06-04 05:00:00,2022-06-04 00:00:00
21.6175,2022-06-04 06:00:00,2022-06-04 01:00:00
21.455000000000002,2022-06-04 07:00:00,2022-06-04 02:00:00
21.3275,2022-06-04 08:00:00,2022-06-04 03:00:00
21.30333333333333,2022-06-04 09:00:00,2022-06-04 04:00:00
17.572499999999998,2022-11-08 00:00:00,2022-11-07 18:00:00
16.8375,2022-11-08 01:00:00,2022-11-07 19:00:00
16.36,2022-11-08 02:00:00,2022-11-07 20:00:00
16.0925,2022-11-08 03:00:00,2022-11-07 21:00:00
16.02,2022-11-08 04:00:00,2022-11-07 22:00:00
16.16,2022-11-08 05:00:00,2022-11-07 23:00:00
16.1725,2022-11-08 06:00:00,2022-11-08 00:00:00
16.0775,2022-11-08 07:00:00,2022-11-08 01:00:00
16.2,2022-11-08 08:00:00,2022-11-08 02:00:00
17.8675,2022-11-08 09:00:00,2022-11-08 03:00:00
21.51,2022-11-08 10:00:00,2022-11-08 04:00:00
21.225,2022-11-08 11:00:00,2022-11-08 05:00:00
16.68,2022-11-08 12:00:00,2022-11-08 06:00:00
15.07,2022-11-08 23:00:00,2022-11-08 17:00:00
18.7075,2022-11-09 00:00:00,2022-11-08 18:00:00
18.7775,2022-11-09 01:00:00,2022-11-08 19:00:00
18.220000000000002,2022-11-09 02:00:00,2022-11-08 20:00:00
17.265,2022-11-09 03:00:00,2022-11-08 21:00:00
16.5225,2022-11-09 04:00:00,2022-11-08 22:00:00
15.749999999999998,2022-11-09 05:00:00,2022-11-08 23:00:00
15.883333333333333,2022-11-09 06:00:00,2022-11-09 00:00:00
15.604999999999999,2022-11-09 07:00:00,2022-11-09 01:00:00
15.9025,2022-11-09 08:00:00,2022-11-09 02:00:00
16.415,2022-11-09 09:00:00,2022-11-09 03:00:00
16.725,2022-11-09 10:00:00,2022-11-09 04:00:00
17.717499999999998,2022-11-09 11:00:00,2022-11-09 05:00:00
16.7,2022-11-09 12:00:00,2022-11-09 06:00:00
15.12,2022-11-09 23:00:00,2022-11-09 17:00:00
19.395,2022-11-10 00:00:00,2022-11-09 18:00:00
18.765,2022-11-10 01:00:00,2022-11-09 19:00:00
17.7125,2022-11-10 02:00:00,2022-11-09 20:00:00
17.712500000000002,2022-11-10 03:00:00,2022-11-09 21:00:00
16.7875,2022-11-10 04:00:00,2022-11-09 22:00:00
17.2525,2022-11-10 05:00:00,2022-11-09 23:00:00
15.8925,2022-11-10 06:00:00,2022-11-10 00:00:00
15.69,2022-11-10 08:00:00,2022-11-10 02:00:00
16.779999999999998,2022-11-10 09:00:00,2022-11-10 03:00:00
16.9025,2022-11-10 10:00:00,2022-11-10 04:00:00
17.86,2022-11-10 11:00:00,2022-11-10 05:00:00
16.68,2022-11-10 12:00:00,2022-11-10 06:00:00
15.2,2022-11-10 23:00:00,2022-11-10 17:00:00
20.22,2022-11-11 00:00:00,2022-11-10 18:00:00
20.115000000000002,2022-11-11 01:00:00,2022-11-10 19:00:00
19.605,2022-11-11 02:00:00,2022-11-10 20:00:00
19.2675,2022-11-11 03:00:00,2022-11-10 21:00:00
18.9625,2022-11-11 04:00:00,2022-11-10 22:00:00
18.525,2022-11-11 05:00:00,2022-11-10 23:00:00
16.945,2022-11-11 06:00:00,2022-11-11 00:00:00
15.793333333333331,2022-11-11 07:00:00,2022-11-11 01:00:00
16.396666666666665,2022-11-11 08:00:00,2022-11-11 02:00:00
18.245,2022-11-11 09:00:00,2022-11-11 03:00:00
18.7275,2022-11-11 10:00:00,2022-11-11 04:00:00
18.115000000000002,2022-11-11 11:00:00,2022-11-11 05:00:00
16.77,2022-11-11 12:00:00,2022-11-11 06:00:00
15.14,2022-11-11 23:00:00,2022-11-11 17:00:00
20.5,2022-11-12 00:00:00,2022-11-11 18:00:00
21.78,2022-11-12 01:00:00,2022-11-11 19:00:00
20.695,2022-11-12 02:00:00,2022-11-11 20:00:00
19.6475,2022-11-12 03:00:00,2022-11-11 21:00:00
19.045,2022-11-12 04:00:00,2022-11-11 22:00:00
18.552500000000002,2022-11-12 05:00:00,2022-11-11 23:00:00
19.7,2022-11-12 06:00:00,2022-11-12 00:00:00
18.6275,2022-11-12 07:00:00,2022-11-12 01:00:00
17.64,2022-11-12 08:00:00,2022-11-12 02:00:00
17.5075,2022-11-12 09:00:00,2022-11-12 03:00:00
17.607499999999998,2022-11-12 10:00:00,2022-11-12 04:00:00
17.8,2022-11-12 11:00:00,2022-11-12 05:00:00
16.52,2022-11-12 12:00:00,2022-11-12 06:00:00
15.54,2022-11-12 23:00:00,2022-11-12 17:00:00
20.4075,2022-11-13 00:00:00,2022-11-12 18:00:00
21.4025,2022-11-13 01:00:00,2022-11-12 19:00:00
21.2575,2022-11-13 02:00:00,2022-11-12 20:00:00
20.54,2022-11-13 03:00:00,2022-11-12 21:00:00
20.0475,2022-11-13 04:00:00,2022-11-12 22:00:00
19.02,2022-11-13 05:00:00,2022-11-12 23:00:00
18.8275,2022-11-13 06:00:00,2022-11-13 00:00:00
18.185000000000002,2022-11-13 07:00:00,2022-11-13 01:00:00
16.9075,2022-11-13 08:00:00,2022-11-13 02:00:00
16.245,2022-11-13 09:00:00,2022-11-13 03:00:00
16.259999999999998,2022-11-13 10:00:00,2022-11-13 04:00:00
16.917499999999997,2022-11-13 11:00:00,2022-11-13 05:00:00
16.74,2022-11-13 12:00:00,2022-11-13 06:00:00
15.93,2022-11-13 23:00:00,2022-11-13 17:00:00
20.497500000000002,2022-11-14 00:00:00,2022-11-13 18:00:00
21.325,2022-11-14 01:00:00,2022-11-13 19:00:00
21.3825,2022-11-14 02:00:00,2022-11-13 20:00:00
21.1475,2022-11-14 03:00:00,2022-11-13 21:00:00
20.659999999999997,2022-11-14 04:00:00,2022-11-13 22:00:00
19.6925,2022-11-14 05:00:00,2022-11-13 23:00:00
18.8625,2022-11-14 06:00:00,2022-11-14 00:00:00
19.525,2022-11-14 07:00:00,2022-11-14 01:00:00
18.16,2022-11-14 08:00:00,2022-11-14 02:00:00
17.0875,2022-11-14 09:00:00,2022-11-14 03:00:00
16.645000000000003,2022-11-14 10:00:00,2022-11-14 04:00:00
16.637500000000003,2022-11-14 11:00:00,2022-11-14 05:00:00
16.74,2022-11-14 12:00:00,2022-11-14 06:00:00
17.59,2022-11-14 23:00:00,2022-11-14 17:00:00
21.805,2022-11-15 00:00:00,2022-11-14 18:00:00
22.71,2022-11-15 01:00:00,2022-11-14 19:00:00
22.794999999999998,2022-11-15 02:00:00,2022-11-14 20:00:00
22.665,2022-11-15 03:00:00,2022-11-14 21:00:00
22.1375,2022-11-15 04:00:00,2022-11-14 22:00:00
21.5125,2022-11-15 05:00:00,2022-11-14 23:00:00
21.375,2022-11-15 06:00:00,2022-11-15 00:00:00
21.095,2022-11-15 07:00:00,2022-11-15 01:00:00
20.095,2022-11-15 08:00:00,2022-11-15 02:00:00
19.4425,2022-11-15 09:00:00,2022-11-15 03:00:00
18.947499999999998,2022-11-15 10:00:00,2022-11-15 04:00:00
18.9775,2022-11-15 11:00:00,2022-11-15 05:00:00
17.0,2022-11-15 12:00:00,2022-11-15 06:00:00
15.83,2022-11-15 23:00:00,2022-11-15 17:00:00
20.57,2022-11-16 00:00:00,2022-11-15 18:00:00
21.332500000000003,2022-11-16 01:00:00,2022-11-15 19:00:00
21.4325,2022-11-16 02:00:00,2022-11-15 20:00:00
21.514999999999997,2022-11-16 03:00:00,2022-11-15 21:00:00
21.555,2022-11-16 04:00:00,2022-11-15 22:00:00
21.3425,2022-11-16 05:00:00,2022-11-15 23:00:00
20.55,2022-11-16 06:00:00,2022-11-16 00:00:00
20.182499999999997,2022-11-16 07:00:00,2022-11-16 01:00:00
19.5975,2022-11-16 08:00:00,2022-11-16 02:00:00
19.84,2022-11-16 09:00:00,2022-11-16 03:00:00
18.575,2022-11-16 10:00:00,2022-11-16 04:00:00
17.982499999999998,2022-11-16 11:00:00,2022-11-16 05:00:00
16.415,2022-11-16 12:00:00,2022-11-16 06:00:00
16.19,2022-11-16 23:00:00,2022-11-16 17:00:00
20.585,2022-11-17 00:00:00,2022-11-16 18:00:00
21.375,2022-11-17 01:00:00,2022-11-16 19:00:00
21.602500000000003,2022-11-17 02:00:00,2022-11-16 20:00:00
21.68,2022-11-17 03:00:00,2022-11-16 21:00:00
21.7025,2022-11-17 04:00:00,2022-11-16 22:00:00
21.682500000000005,2022-11-17 05:00:00,2022-11-16 23:00:00
21.5575,2022-11-17 06:00:00,2022-11-17 00:00:00
21.262500000000003,2022-11-17 07:00:00,2022-11-17 01:00:00
20.2525,2022-11-17 08:00:00,2022-11-17 02:00:00
19.6175,2022-11-17 09:00:00,2022-11-17 03:00:00
19.455,2022-11-17 10:00:00,2022-11-17 04:00:00
18.935,2022-11-17 11:00:00,2022-11-17 05:00:00
16.84,2022-11-17 12:00:00,2022-11-17 06:00:00
16.27,2022-11-17 23:00:00,2022-11-17 17:00:00
20.695,2022-11-18 00:00:00,2022-11-17 18:00:00
21.465000000000003,2022-11-18 01:00:00,2022-11-17 19:00:00
21.555,2022-11-18 02:00:00,2022-11-17 20:00:00
21.590000000000003,2022-11-18 03:00:00,2022-11-17 21:00:00
21.59,2022-11-18 04:00:00,2022-11-17 22:00:00
21.6375,2022-11-18 05:00:00,2022-11-17 23:00:00
22.1525,2022-11-18 06:00:00,2022-11-18 00:00:00
22.48,2022-11-18 07:00:00,2022-11-18 01:00:00
22.305,2022-11-18 08:00:00,2022-11-18 02:00:00
21.5575,2022-11-18 09:00:00,2022-11-18 03:00:00
21.122500000000002,2022-11-18 10:00:00,2022-11-18 04:00:00
21.064999999999998,2022-11-18 11:00:00,2022-11-18 05:00:00
18.68,2022-11-18 12:00:00,2022-11-18 06:00:00
16.22,2022-11-18 23:00:00,2022-11-18 17:00:00
20.580000000000002,2022-11-19 00:00:00,2022-11-18 18:00:00
21.330000000000002,2022-11-19 01:00:00,2022-11-18 19:00:00
21.425000000000004,2022-11-19 02:00:00,2022-11-18 20:00:00
21.4625,2022-11-19 03:00:00,2022-11-18 21:00:00
21.43,2022-11-19 04:00:00,2022-11-18 22:00:00
21.415000000000003,2022-11-19 05:00:00,2022-11-18 23:00:00
21.4325,2022-11-19 06:00:00,2022-11-19 00:00:00
21.4175,2022-11-19 07:00:00,2022-11-19 01:00:00
21.26,2022-11-19 08:00:00,2022-11-19 02:00:00
21.035,2022-11-19 09:00:00,2022-11-19 03:00:00
20.6525,2022-11-19 10:00:00,2022-11-19 04:00:00
20.2925,2022-11-19 11:00:00,2022-11-19 05:00:00
17.17,2022-11-19 12:00:00,2022-11-19 06:00:00
16.54,2022-11-19 23:00:00,2022-11-19 17:00:00
20.715000000000003,2022-11-20 00:00:00,2022-11-19 18:00:00
21.395,2022-11-20 01:00:00,2022-11-19 19:00:00
21.4925,2022-11-20 02:00:00,2022-11-19 20:00:00
21.625,2022-11-20 03:00:00,2022-11-19 21:00:00
21.67,2022-11-20 04:00:00,2022-11-19 22:00:00
21.6525,2022-11-20 05:00:00,2022-11-19 23:00:00
21.642500000000002,2022-11-20 06:00:00,2022-11-20 00:00:00
21.58,2022-11-20 07:00:00,2022-11-20 01:00:00
21.5625,2022-11-20 08:00:00,2022-11-20 02:00:00
21.567499999999995,2022-11-20 09:00:00,2022-11-20 03:00:00
21.57,2022-11-20 10:00:00,2022-11-20 04:00:00
21.205,2022-11-20 11:00:00,2022-11-20 05:00:00
17.915,2022-11-20 12:00:00,2022-11-20 06:00:00
16.61,2022-11-20 23:00:00,2022-11-20 17:00:00
20.695,2022-11-21 00:00:00,2022-11-20 18:00:00
21.3375,2022-11-21 01:00:00,2022-11-20 19:00:00
21.455,2022-11-21 02:00:00,2022-11-20 20:00:00
21.5775,2022-11-21 03:00:00,2022-11-20 21:00:00
21.689999999999998,2022-11-21 04:00:00,2022-11-20 22:00:00
21.7025,2022-11-21 05:00:00,2022-11-20 23:00:00
21.665,2022-11-21 06:00:00,2022-11-21 00:00:00
21.6325,2022-11-21 07:00:00,2022-11-21 01:00:00
21.607499999999998,2022-11-21 08:00:00,2022-11-21 02:00:00
21.65,2022-11-21 09:00:00,2022-11-21 03:00:00
21.6775,2022-11-21 10:00:00,2022-11-21 04:00:00
21.6125,2022-11-21 11:00:00,2022-11-21 05:00:00
18.009999999999998,2022-11-21 12:00:00,2022-11-21 06:00:00
16.55,2022-11-21 23:00:00,2022-11-21 17:00:00
20.805,2022-11-22 00:00:00,2022-11-21 18:00:00
21.560000000000002,2022-11-22 01:00:00,2022-11-21 19:00:00
21.665,2022-11-22 02:00:00,2022-11-21 20:00:00
21.6625,2022-11-22 03:00:00,2022-11-21 21:00:00
21.63,2022-11-22 04:00:00,2022-11-21 22:00:00
21.5775,2022-11-22 05:00:00,2022-11-21 23:00:00
21.5275,2022-11-22 06:00:00,2022-11-22 00:00:00
21.4575,2022-11-22 07:00:00,2022-11-22 01:00:00
21.490000000000002,2022-11-22 08:00:00,2022-11-22 02:00:00
21.589999999999996,2022-11-22 09:00:00,2022-11-22 03:00:00
21.72,2022-11-22 10:00:00,2022-11-22 04:00:00
21.6775,2022-11-22 11:00:00,2022-11-22 05:00:00
18.115000000000002,2022-11-22 12:00:00,2022-11-22 06:00:00
16.78,2022-11-22 23:00:00,2022-11-22 17:00:00
20.7675,2022-11-23 00:00:00,2022-11-22 18:00:00
21.395000000000003,2022-11-23 01:00:00,2022-11-22 19:00:00
21.4875,2022-11-23 02:00:00,2022-11-22 20:00:00
21.544999999999998,2022-11-23 03:00:00,2022-11-22 21:00:00
21.502499999999998,2022-11-23 04:00:00,2022-11-22 22:00:00
21.424999999999997,2022-11-23 05:00:00,2022-11-22 23:00:00
21.327499999999997,2022-11-23 06:00:00,2022-11-23 00:00:00
21.18611111111111,2022-11-23 07:00:00,2022-11-23 01:00:00
21.243833333333328,2022-11-23 08:00:00,2022-11-23 02:00:00
21.4025,2022-11-23 09:00:00,2022-11-23 03:00:00
21.532333333333327,2022-11-23 10:00:00,2022-11-23 04:00:00
21.199666666666666,2022-11-23 11:00:00,2022-11-23 05:00:00
17.28695652173913,2022-11-23 12:00:00,2022-11-23 06:00:00
17.86,2022-11-23 23:00:00,2022-11-23 17:00:00
21.14,2022-11-24 00:00:00,2022-11-23 18:00:00
21.9075,2022-11-24 01:00:00,2022-11-23 19:00:00
22.017500000000002,2022-11-24 02:00:00,2022-11-23 20:00:00
22.159833333333335,2022-11-24 03:00:00,2022-11-23 21:00:00
22.097666666666665,2022-11-24 04:00:00,2022-11-23 22:00:00
22.169166666666673,2022-11-24 05:00:00,2022-11-23 23:00:00
22.663500000000003,2022-11-24 06:00:00,2022-11-24 00:00:00
22.712,2022-11-24 07:00:00,2022-11-24 01:00:00
22.756666666666664,2022-11-24 08:00:00,2022-11-24 02:00:00
22.30016666666667,2022-11-24 09:00:00,2022-11-24 03:00:00
22.425333333333338,2022-11-24 10:00:00,2022-11-24 04:00:00
22.81616666666667,2022-11-24 11:00:00,2022-11-24 05:00:00
18.539142857142856,2022-11-24 12:00:00,2022-11-24 06:00:00
17.946153846153845,2022-11-24 23:00:00,2022-11-24 17:00:00
22.426333333333332,2022-11-25 00:00:00,2022-11-24 18:00:00
22.612500000000004,2022-11-25 01:00:00,2022-11-24 19:00:00
22.62866666666667,2022-11-25 02:00:00,2022-11-24 20:00:00
22.5625,2022-11-25 03:00:00,2022-11-24 21:00:00
22.520166666666668,2022-11-25 04:00:00,2022-11-24 22:00:00
22.207166666666662,2022-11-25 05:00:00,2022-11-24 23:00:00
22.395166666666668,2022-11-25 06:00:00,2022-11-25 00:00:00
22.899833333333326,2022-11-25 07:00:00,2022-11-25 01:00:00
22.997333333333327,2022-11-25 08:00:00,2022-11-25 02:00:00
23.012666666666668,2022-11-25 09:00:00,2022-11-25 03:00:00
22.781833333333335,2022-11-25 10:00:00,2022-11-25 04:00:00
22.845166666666664,2022-11-25 11:00:00,2022-11-25 05:00:00
18.39766666666667,2022-11-25 12:00:00,2022-11-25 06:00:00
16.94,2022-11-25 23:00:00,2022-11-25 17:00:00
20.7625,2022-11-26 00:00:00,2022-11-25 18:00:00
21.325,2022-11-26 01:00:00,2022-11-25 19:00:00
21.3675,2022-11-26 02:00:00,2022-11-25 20:00:00
21.317500000000003,2022-11-26 03:00:00,2022-11-25 21:00:00
21.37,2022-11-26 04:00:00,2022-11-25 22:00:00
21.504999999999995,2022-11-26 05:00:00,2022-11-25 23:00:00
21.422500000000003,2022-11-26 06:00:00,2022-11-26 00:00:00
21.409999999999997,2022-11-26 07:00:00,2022-11-26 01:00:00
21.36,2022-11-26 08:00:00,2022-11-26 02:00:00
21.1575,2022-11-26 09:00:00,2022-11-26 03:00:00
21.134999999999998,2022-11-26 10:00:00,2022-11-26 04:00:00
21.1975,2022-11-26 11:00:00,2022-11-26 05:00:00
17.95,2022-11-26 12:00:00,2022-11-26 06:00:00
17.365,2022-11-26 23:00:00,2022-11-26 17:00:00
22.572499999999998,2022-11-27 00:00:00,2022-11-26 18:00:00
22.645,2022-11-27 01:00:00,2022-11-26 19:00:00
22.572499999999998,2022-11-27 02:00:00,2022-11-26 20:00:00
22.4575,2022-11-27 03:00:00,2022-11-26 21:00:00
21.842499999999998,2022-11-27 04:00:00,2022-11-26 22:00:00
22.357499999999998,2022-11-27 05:00:00,2022-11-26 23:00:00
22.784999999999997,2022-11-27 06:00:00,2022-11-27 00:00:00
21.852500000000003,2022-11-27 07:00:00,2022-11-27 01:00:00
21.9425,2022-11-27 08:00:00,2022-11-27 02:00:00
21.855,2022-11-27 09:00:00,2022-11-27 03:00:00
22.294999999999998,2022-11-27 10:00:00,2022-11-27 04:00:00
22.4425,2022-11-27 11:00:00,2022-11-27 05:00:00
17.99,2022-11-27 12:00:00,2022-11-27 06:00:00
17.06,2022-11-27 23:00:00,2022-11-27 17:00:00
20.968888888888884,2022-11-28 00:00:00,2022-11-27 18:00:00
21.539666666666665,2022-11-28 01:00:00,2022-11-27 19:00:00
22.293833333333335,2022-11-28 02:00:00,2022-11-27 20:00:00
22.72716666666667,2022-11-28 03:00:00,2022-11-27 21:00:00
22.53116666666666,2022-11-28 04:00:00,2022-11-27 22:00:00
22.228999999999996,2022-11-28 05:00:00,2022-11-27 23:00:00
21.368166666666664,2022-11-28 06:00:00,2022-11-28 00:00:00
21.21533333333333,2022-11-28 07:00:00,2022-11-28 01:00:00
21.04583333333333,2022-11-28 08:00:00,2022-11-28 02:00:00
21.102333333333338,2022-11-28 09:00:00,2022-11-28 03:00:00
21.181500000000003,2022-11-28 10:00:00,2022-11-28 04:00:00
21.10183333333333,2022-11-28 11:00:00,2022-11-28 05:00:00
17.624999999999996,2022-11-28 12:00:00,2022-11-28 06:00:00
17.43,2022-11-28 23:00:00,2022-11-28 17:00:00
19.8825,2022-11-29 00:00:00,2022-11-28 18:00:00
20.087500000000002,2022-11-29 01:00:00,2022-11-28 19:00:00
20.305,2022-11-29 02:00:00,2022-11-28 20:00:00
20.75,2022-11-29 03:00:00,2022-11-28 21:00:00
20.945,2022-11-29 04:00:00,2022-11-28 22:00:00
20.935,2022-11-29 05:00:00,2022-11-28 23:00:00
20.79,2022-11-29 06:00:00,2022-11-29 00:00:00
20.759999999999998,2022-11-29 07:00:00,2022-11-29 01:00:00
20.8,2022-11-29 08:00:00,2022-11-29 02:00:00
21.020000000000003,2022-11-29 09:00:00,2022-11-29 03:00:00
21.265,2022-11-29 10:00:00,2022-11-29 04:00:00
21.435,2022-11-29 11:00:00,2022-11-29 05:00:00
18.725,2022-11-29 12:00:00,2022-11-29 06:00:00
17.01,2022-11-29 23:00:00,2022-11-29 17:00:00
19.995,2022-11-30 00:00:00,2022-11-29 18:00:00
20.58,2022-11-30 01:00:00,2022-11-29 19:00:00
20.302500000000002,2022-11-30 02:00:00,2022-11-29 20:00:00
20.38,2022-11-30 03:00:00,2022-11-29 21:00:00
21.259999999999998,2022-11-30 04:00:00,2022-11-29 22:00:00
21.580000000000002,2022-11-30 05:00:00,2022-11-29 23:00:00
21.215,2022-11-30 06:00:00,2022-11-30 00:00:00
21.15,2022-11-30 07:00:00,2022-11-30 01:00:00
21.1725,2022-11-30 08:00:00,2022-11-30 02:00:00
21.2725,2022-11-30 09:00:00,2022-11-30 03:00:00
21.347499999999997,2022-11-30 10:00:00,2022-11-30 04:00:00
21.3625,2022-11-30 11:00:00,2022-11-30 05:00:00
17.883333333333333,2022-11-30 12:00:00,2022-11-30 06:00:00
17.37,2022-11-30 23:00:00,2022-11-30 17:00:00
19.6525,2022-12-01 00:00:00,2022-11-30 18:00:00
19.93,2022-12-01 01:00:00,2022-11-30 19:00:00
19.947499999999998,2022-12-01 02:00:00,2022-11-30 20:00:00
20.2125,2022-12-01 03:00:00,2022-11-30 21:00:00
20.2425,2022-12-01 04:00:00,2022-11-30 22:00:00
20.560000000000002,2022-12-01 05:00:00,2022-11-30 23:00:00
21.1525,2022-12-01 06:00:00,2022-12-01 00:00:00
21.2475,2022-12-01 07:00:00,2022-12-01 01:00:00
21.3175,2022-12-01 08:00:00,2022-12-01 02:00:00
21.3975,2022-12-01 09:00:00,2022-12-01 03:00:00
21.354999999999997,2022-12-01 10:00:00,2022-12-01 04:00:00
21.352500000000003,2022-12-01 11:00:00,2022-12-01 05:00:00
18.183333333333334,2022-12-01 12:00:00,2022-12-01 06:00:00
17.41,2022-12-01 23:00:00,2022-12-01 17:00:00
18.5225,2022-12-02 00:00:00,2022-12-01 18:00:00
18.162499999999998,2022-12-02 01:00:00,2022-12-01 19:00:00
18.605,2022-12-02 02:00:00,2022-12-01 20:00:00
18.95,2022-12-02 03:00:00,2022-12-01 21:00:00
19.055,2022-12-02 04:00:00,2022-12-01 22:00:00
19.104999999999997,2022-12-02 05:00:00,2022-12-01 23:00:00
19.650000000000002,2022-12-02 06:00:00,2022-12-02 00:00:00
21.202499999999997,2022-12-02 07:00:00,2022-12-02 01:00:00
21.925,2022-12-02 08:00:00,2022-12-02 02:00:00
21.86,2022-12-02 09:00:00,2022-12-02 03:00:00
21.562499999999996,2022-12-02 10:00:00,2022-12-02 04:00:00
21.872500000000002,2022-12-02 11:00:00,2022-12-02 05:00:00
19.490000000000002,2022-12-02 12:00:00,2022-12-02 06:00:00
16.505,2022-12-02 23:00:00,2022-12-02 17:00:00
18.705,2022-12-03 00:00:00,2022-12-02 18:00:00
17.8425,2022-12-03 01:00:00,2022-12-02 19:00:00
17.5075,2022-12-03 02:00:00,2022-12-02 20:00:00
17.7325,2022-12-03 03:00:00,2022-12-02 21:00:00
17.8625,2022-12-03 04:00:00,2022-12-02 22:00:00
18.36,2022-12-03 05:00:00,2022-12-02 23:00:00
19.9675,2022-12-03 06:00:00,2022-12-03 00:00:00
20.224999999999998,2022-12-03 07:00:00,2022-12-03 01:00:00
21.53,2022-12-03 08:00:00,2022-12-03 02:00:00
21.1525,2022-12-03 09:00:00,2022-12-03 03:00:00
21.1875,2022-12-03 10:00:00,2022-12-03 04:00:00
21.130000000000003,2022-12-03 11:00:00,2022-12-03 05:00:00
18.226666666666667,2022-12-03 12:00:00,2022-12-03 06:00:00
17.25,2022-12-03 23:00:00,2022-12-03 17:00:00
18.502499999999998,2022-12-04 00:00:00,2022-12-03 18:00:00
18.11,2022-12-04 01:00:00,2022-12-03 19:00:00
17.11,2022-12-04 02:00:00,2022-12-03 20:00:00
16.96,2022-12-04 03:00:00,2022-12-03 21:00:00
17.84,2022-12-04 04:00:00,2022-12-03 22:00:00
18.595,2022-12-04 05:00:00,2022-12-03 23:00:00
18.5475,2022-12-04 06:00:00,2022-12-04 00:00:00
18.392500000000002,2022-12-04 07:00:00,2022-12-04 01:00:00
19.1775,2022-12-04 08:00:00,2022-12-04 02:00:00
20.9075,2022-12-04 09:00:00,2022-12-04 03:00:00
21.5225,2022-12-04 10:00:00,2022-12-04 04:00:00
21.6525,2022-12-04 11:00:00,2022-12-04 05:00:00
18.81,2022-12-04 12:00:00,2022-12-04 06:00:00
17.07,2022-12-04 23:00:00,2022-12-04 17:00:00
17.79,2022-12-05 00:00:00,2022-12-04 18:00:00
17.4,2022-12-05 01:00:00,2022-12-04 19:00:00
17.025,2022-12-05 02:00:00,2022-12-04 20:00:00
17.2975,2022-12-05 03:00:00,2022-12-04 21:00:00
17.2925,2022-12-05 04:00:00,2022-12-04 22:00:00
17.340000000000003,2022-12-05 05:00:00,2022-12-04 23:00:00
17.56,2022-12-05 06:00:00,2022-12-05 00:00:00
17.5775,2022-12-05 07:00:00,2022-12-05 01:00:00
17.795,2022-12-05 08:00:00,2022-12-05 02:00:00
18.884999999999998,2022-12-05 09:00:00,2022-12-05 03:00:00
20.3925,2022-12-05 10:00:00,2022-12-05 04:00:00
21.425,2022-12-05 11:00:00,2022-12-05 05:00:00
18.92,2022-12-05 12:00:00,2022-12-05 06:00:00
16.98,2022-12-05 23:00:00,2022-12-05 17:00:00
18.002499999999998,2022-12-06 00:00:00,2022-12-05 18:00:00
17.797500000000003,2022-12-06 01:00:00,2022-12-05 19:00:00
17.357499999999998,2022-12-06 02:00:00,2022-12-05 20:00:00
16.91,2022-12-06 03:00:00,2022-12-05 21:00:00
16.95,2022-12-06 04:00:00,2022-12-05 22:00:00
17.13,2022-12-06 05:00:00,2022-12-05 23:00:00
16.965000000000003,2022-12-06 06:00:00,2022-12-06 00:00:00
17.5775,2022-12-06 07:00:00,2022-12-06 01:00:00
18.127499999999998,2022-12-06 08:00:00,2022-12-06 02:00:00
18.895,2022-12-06 09:00:00,2022-12-06 03:00:00
19.9125,2022-12-06 10:00:00,2022-12-06 04:00:00
21.29,2022-12-06 11:00:00,2022-12-06 05:00:00
19.213333333333335,2022-12-06 12:00:00,2022-12-06 06:00:00
16.67,2022-12-06 23:00:00,2022-12-06 17:00:00
17.865,2022-12-07 00:00:00,2022-12-06 18:00:00
17.357499999999998,2022-12-07 01:00:00,2022-12-06 19:00:00
16.9425,2022-12-07 02:00:00,2022-12-06 20:00:00
16.6275,2022-12-07 03:00:00,2022-12-06 21:00:00
16.59,2022-12-07 04:00:00,2022-12-06 22:00:00
16.5275,2022-12-07 05:00:00,2022-12-06 23:00:00
16.825,2022-12-07 06:00:00,2022-12-07 00:00:00
17.0475,2022-12-07 07:00:00,2022-12-07 01:00:00
17.072499999999998,2022-12-07 08:00:00,2022-12-07 02:00:00
17.1425,2022-12-07 09:00:00,2022-12-07 03:00:00
17.430000000000003,2022-12-07 10:00:00,2022-12-07 04:00:00
18.4175,2022-12-07 11:00:00,2022-12-07 05:00:00
18.096666666666668,2022-12-07 12:00:00,2022-12-07 06:00:00
18.08,2022-12-07 23:00:00,2022-12-07 17:00:00
18.6175,2022-12-08 00:00:00,2022-12-07 18:00:00
18.397499999999997,2022-12-08 01:00:00,2022-12-07 19:00:00
17.87,2022-12-08 02:00:00,2022-12-07 20:00:00
17.495,2022-12-08 03:00:00,2022-12-07 21:00:00
17.3375,2022-12-08 04:00:00,2022-12-07 22:00:00
17.26,2022-12-08 05:00:00,2022-12-07 23:00:00
17.2825,2022-12-08 06:00:00,2022-12-08 00:00:00
17.07,2022-12-08 07:00:00,2022-12-08 01:00:00
18.055,2022-12-08 08:00:00,2022-12-08 02:00:00
18.182499999999997,2022-12-08 09:00:00,2022-12-08 03:00:00
18.35,2022-12-08 10:00:00,2022-12-08 04:00:00
18.675,2022-12-08 11:00:00,2022-12-08 05:00:00
18.933333333333334,2022-12-08 12:00:00,2022-12-08 06:00:00
16.46,2022-12-08 23:00:00,2022-12-08 17:00:00
18.7075,2022-12-09 00:00:00,2022-12-08 18:00:00
17.915,2022-12-09 01:00:00,2022-12-08 19:00:00
17.1575,2022-12-09 02:00:00,2022-12-08 20:00:00
16.845,2022-12-09 03:00:00,2022-12-08 21:00:00
16.595000000000002,2022-12-09 04:00:00,2022-12-08 22:00:00
16.407500000000002,2022-12-09 05:00:00,2022-12-08 23:00:00
16.29,2022-12-09 06:00:00,2022-12-09 00:00:00
16.03,2022-12-09 07:00:00,2022-12-09 01:00:00
16.063333333333336,2022-12-09 08:00:00,2022-12-09 02:00:00
15.963333333333333,2022-12-09 09:00:00,2022-12-09 03:00:00
17.235,2022-12-09 10:00:00,2022-12-09 04:00:00
17.5025,2022-12-09 11:00:00,2022-12-09 05:00:00
17.313333333333336,2022-12-09 12:00:00,2022-12-09 06:00:00
17.16,2022-12-09 23:00:00,2022-12-09 17:00:00
19.9225,2022-12-10 00:00:00,2022-12-09 18:00:00
18.8275,2022-12-10 01:00:00,2022-12-09 19:00:00
18.0025,2022-12-10 02:00:00,2022-12-09 20:00:00
17.56,2022-12-10 03:00:00,2022-12-09 21:00:00
17.1875,2022-12-10 04:00:00,2022-12-09 22:00:00
17.3375,2022-12-10 05:00:00,2022-12-09 23:00:00
18.380000000000003,2022-12-10 06:00:00,2022-12-10 00:00:00
18.425,2022-12-10 07:00:00,2022-12-10 01:00:00
18.240000000000002,2022-12-10 08:00:00,2022-12-10 02:00:00
18.61,2022-12-10 09:00:00,2022-12-10 03:00:00
18.415000000000003,2022-12-10 10:00:00,2022-12-10 04:00:00
18.7525,2022-12-10 11:00:00,2022-12-10 05:00:00
17.75,2022-12-10 12:00:00,2022-12-10 06:00:00
16.61,2022-12-10 23:00:00,2022-12-10 17:00:00
21.285,2022-12-11 00:00:00,2022-12-10 18:00:00
21.012500000000003,2022-12-11 01:00:00,2022-12-10 19:00:00
19.565,2022-12-11 02:00:00,2022-12-10 20:00:00
18.65,2022-12-11 03:00:00,2022-12-10 21:00:00
18.55,2022-12-11 04:00:00,2022-12-10 22:00:00
18.142500000000002,2022-12-11 05:00:00,2022-12-10 23:00:00
17.67,2022-12-11 06:00:00,2022-12-11 00:00:00
17.2975,2022-12-11 07:00:00,2022-12-11 01:00:00
17.482499999999998,2022-12-11 08:00:00,2022-12-11 02:00:00
17.485,2022-12-11 09:00:00,2022-12-11 03:00:00
17.6975,2022-12-11 10:00:00,2022-12-11 04:00:00
18.095,2022-12-11 11:00:00,2022-12-11 05:00:00
17.61,2022-12-11 12:00:00,2022-12-11 06:00:00
17.26,2022-12-11 23:00:00,2022-12-11 17:00:00
21.599999999999998,2022-12-12 00:00:00,2022-12-11 18:00:00
22.305,2022-12-12 01:00:00,2022-12-11 19:00:00
21.359999999999996,2022-12-12 02:00:00,2022-12-11 20:00:00
19.72,2022-12-12 03:00:00,2022-12-11 21:00:00
18.9675,2022-12-12 04:00:00,2022-12-11 22:00:00
18.5325,2022-12-12 05:00:00,2022-12-11 23:00:00
18.13,2022-12-12 06:00:00,2022-12-12 00:00:00
17.725,2022-12-12 07:00:00,2022-12-12 01:00:00
17.6725,2022-12-12 08:00:00,2022-12-12 02:00:00
17.255000000000003,2022-12-12 09:00:00,2022-12-12 03:00:00
16.892500000000002,2022-12-12 10:00:00,2022-12-12 04:00:00
17.332500000000003,2022-12-12 11:00:00,2022-12-12 05:00:00
17.22666666666667,2022-12-12 12:00:00,2022-12-12 06:00:00
16.89,2022-12-12 23:00:00,2022-12-12 17:00:00
21.48,2022-12-13 00:00:00,2022-12-12 18:00:00
22.29,2022-12-13 01:00:00,2022-12-12 19:00:00
22.8825,2022-12-13 02:00:00,2022-12-12 20:00:00
21.2625,2022-12-13 03:00:00,2022-12-12 21:00:00
20.0,2022-12-13 04:00:00,2022-12-12 22:00:00
19.86,2022-12-13 05:00:00,2022-12-12 23:00:00
19.152500000000003,2022-12-13 06:00:00,2022-12-13 00:00:00
18.544999999999998,2022-12-13 07:00:00,2022-12-13 01:00:00
18.6925,2022-12-13 08:00:00,2022-12-13 02:00:00
18.575,2022-12-13 09:00:00,2022-12-13 03:00:00
18.9,2022-12-13 10:00:00,2022-12-13 04:00:00
19.215,2022-12-13 11:00:00,2022-12-13 05:00:00
17.9875,2022-12-13 12:00:00,2022-12-13 06:00:00
18.3,2022-12-13 23:00:00,2022-12-13 17:00:00
21.52,2022-12-14 00:00:00,2022-12-13 18:00:00
22.035000000000004,2022-12-14 01:00:00,2022-12-13 19:00:00
21.735,2022-12-14 02:00:00,2022-12-13 20:00:00
21.5475,2022-12-14 03:00:00,2022-12-13 21:00:00
20.957500000000003,2022-12-14 04:00:00,2022-12-13 22:00:00
20.0425,2022-12-14 05:00:00,2022-12-13 23:00:00
19.160000000000004,2022-12-14 06:00:00,2022-12-14 00:00:00
18.462500000000002,2022-12-14 07:00:00,2022-12-14 01:00:00
18.2075,2022-12-14 08:00:00,2022-12-14 02:00:00
17.57,2022-12-14 09:00:00,2022-12-14 03:00:00
17.585,2022-12-14 10:00:00,2022-12-14 04:00:00
17.4625,2022-12-14 11:00:00,2022-12-14 05:00:00
17.246666666666666,2022-12-14 12:00:00,2022-12-14 06:00:00
16.96,2022-12-16 23:00:00,2022-12-16 17:00:00
20.957499999999996,2022-12-17 00:00:00,2022-12-16 18:00:00
21.64,2022-12-17 01:00:00,2022-12-16 19:00:00
21.625,2022-12-17 02:00:00,2022-12-16 20:00:00
21.57,2022-12-17 03:00:00,2022-12-16 21:00:00
21.445,2022-12-17 04:00:00,2022-12-16 22:00:00
21.29,2022-12-17 05:00:00,2022-12-16 23:00:00
21.24,2022-12-17 06:00:00,2022-12-17 00:00:00
21.0925,2022-12-17 07:00:00,2022-12-17 01:00:00
20.962500000000002,2022-12-17 08:00:00,2022-12-17 02:00:00
20.8825,2022-12-17 09:00:00,2022-12-17 03:00:00
20.824999999999996,2022-12-17 10:00:00,2022-12-17 04:00:00
20.46,2022-12-17 11:00:00,2022-12-17 05:00:00
19.036666666666665,2022-12-17 12:00:00,2022-12-17 06:00:00
16.57,2022-12-17 23:00:00,2022-12-17 17:00:00
20.799999999999997,2022-12-18 00:00:00,2022-12-17 18:00:00
21.455000000000002,2022-12-18 01:00:00,2022-12-17 19:00:00
21.415,2022-12-18 02:00:00,2022-12-17 20:00:00
21.395,2022-12-18 03:00:00,2022-12-17 21:00:00
21.345,2022-12-18 04:00:00,2022-12-17 22:00:00
21.2425,2022-12-18 05:00:00,2022-12-17 23:00:00
21.342499999999998,2022-12-18 06:00:00,2022-12-18 00:00:00
21.444999999999997,2022-12-18 07:00:00,2022-12-18 01:00:00
21.42,2022-12-18 08:00:00,2022-12-18 02:00:00
21.1925,2022-12-18 09:00:00,2022-12-18 03:00:00
20.8775,2022-12-18 10:00:00,2022-12-18 04:00:00
20.425,2022-12-18 11:00:00,2022-12-18 05:00:00
19.33666666666667,2022-12-18 12:00:00,2022-12-18 06:00:00
16.81,2022-12-18 23:00:00,2022-12-18 17:00:00
20.567500000000003,2022-12-19 00:00:00,2022-12-18 18:00:00
21.1825,2022-12-19 01:00:00,2022-12-18 19:00:00
21.115000000000002,2022-12-19 02:00:00,2022-12-18 20:00:00
21.197499999999998,2022-12-19 03:00:00,2022-12-18 21:00:00
21.127499999999998,2022-12-19 04:00:00,2022-12-18 22:00:00
21.055,2022-12-19 05:00:00,2022-12-18 23:00:00
21.2625,2022-12-19 06:00:00,2022-12-19 00:00:00
21.1925,2022-12-19 07:00:00,2022-12-19 01:00:00
21.31,2022-12-19 08:00:00,2022-12-19 02:00:00
21.560000000000002,2022-12-19 09:00:00,2022-12-19 03:00:00
21.0925,2022-12-19 10:00:00,2022-12-19 04:00:00
20.87,2022-12-19 11:00:00,2022-12-19 05:00:00
19.513333333333335,2022-12-19 12:00:00,2022-12-19 06:00:00
16.34,2022-12-19 23:00:00,2022-12-19 17:00:00
20.6725,2022-12-20 00:00:00,2022-12-19 18:00:00
21.4325,2022-12-20 01:00:00,2022-12-19 19:00:00
21.602500000000003,2022-12-20 02:00:00,2022-12-19 20:00:00
21.7925,2022-12-20 03:00:00,2022-12-19 21:00:00
21.9775,2022-12-20 04:00:00,2022-12-19 22:00:00
22.115000000000002,2022-12-20 05:00:00,2022-12-19 23:00:00
22.26,2022-12-20 06:00:00,2022-12-20 00:00:00
22.330000000000002,2022-12-20 07:00:00,2022-12-20 01:00:00
22.264999999999997,2022-12-20 08:00:00,2022-12-20 02:00:00
22.105,2022-12-20 09:00:00,2022-12-20 03:00:00
21.6875,2022-12-20 10:00:00,2022-12-20 04:00:00
21.82,2022-12-20 11:00:00,2022-12-20 05:00:00
19.963333333333335,2022-12-20 12:00:00,2022-12-20 06:00:00
16.44,2022-12-20 23:00:00,2022-12-20 17:00:00
20.675,2022-12-21 00:00:00,2022-12-20 18:00:00
21.365000000000002,2022-12-21 01:00:00,2022-12-20 19:00:00
21.419999999999998,2022-12-21 02:00:00,2022-12-20 20:00:00
21.53,2022-12-21 03:00:00,2022-12-20 21:00:00
21.5925,2022-12-21 04:00:00,2022-12-20 22:00:00
21.575,2022-12-21 05:00:00,2022-12-20 23:00:00
21.6025,2022-12-21 06:00:00,2022-12-21 00:00:00
21.67,2022-12-21 07:00:00,2022-12-21 01:00:00
21.645,2022-12-21 08:00:00,2022-12-21 02:00:00
21.67,2022-12-21 09:00:00,2022-12-21 03:00:00
21.685000000000002,2022-12-21 10:00:00,2022-12-21 04:00:00
21.6675,2022-12-21 11:00:00,2022-12-21 05:00:00
20.02,2022-12-21 12:00:00,2022-12-21 06:00:00
16.2,2022-12-21 23:00:00,2022-12-21 17:00:00
20.71,2022-12-22 00:00:00,2022-12-21 18:00:00
21.495,2022-12-22 01:00:00,2022-12-21 19:00:00
21.48,2022-12-22 02:00:00,2022-12-21 20:00:00
21.502499999999998,2022-12-22 03:00:00,2022-12-21 21:00:00
21.6075,2022-12-22 04:00:00,2022-12-21 22:00:00
21.73,2022-12-22 05:00:00,2022-12-21 23:00:00
21.505,2022-12-22 06:00:00,2022-12-22 00:00:00
21.799999999999997,2022-12-22 07:00:00,2022-12-22 01:00:00
22.4625,2022-12-22 08:00:00,2022-12-22 02:00:00
22.3475,2022-12-22 09:00:00,2022-12-22 03:00:00
22.919999999999998,2022-12-22 10:00:00,2022-12-22 04:00:00
23.13,2022-12-22 11:00:00,2022-12-22 05:00:00
20.025,2022-12-22 12:00:00,2022-12-22 06:00:00
15.89,2022-12-22 23:00:00,2022-12-22 17:00:00
20.567500000000003,2022-12-23 00:00:00,2022-12-22 18:00:00
21.369999999999997,2022-12-23 01:00:00,2022-12-22 19:00:00
21.387500000000003,2022-12-23 02:00:00,2022-12-22 20:00:00
21.3575,2022-12-23 03:00:00,2022-12-22 21:00:00
21.27,2022-12-23 04:00:00,2022-12-22 22:00:00
21.175,2022-12-23 05:00:00,2022-12-22 23:00:00
21.1875,2022-12-23 06:00:00,2022-12-23 00:00:00
21.245,2022-12-23 07:00:00,2022-12-23 01:00:00
21.347499999999997,2022-12-23 08:00:00,2022-12-23 02:00:00
21.4075,2022-12-23 09:00:00,2022-12-23 03:00:00
21.4625,2022-12-23 10:00:00,2022-12-23 04:00:00
21.465,2022-12-23 11:00:00,2022-12-23 05:00:00
19.816666666666666,2022-12-23 12:00:00,2022-12-23 06:00:00
16.1,2022-12-23 23:00:00,2022-12-23 17:00:00
20.6125,2022-12-24 00:00:00,2022-12-23 18:00:00
21.405,2022-12-24 01:00:00,2022-12-23 19:00:00
21.38,2022-12-24 02:00:00,2022-12-23 20:00:00
21.365000000000002,2022-12-24 03:00:00,2022-12-23 21:00:00
21.317500000000003,2022-12-24 04:00:00,2022-12-23 22:00:00
21.27,2022-12-24 05:00:00,2022-12-23 23:00:00
21.25,2022-12-24 06:00:00,2022-12-24 00:00:00
21.32,2022-12-24 07:00:00,2022-12-24 01:00:00
21.4775,2022-12-24 08:00:00,2022-12-24 02:00:00
21.582499999999996,2022-12-24 09:00:00,2022-12-24 03:00:00
21.5775,2022-12-24 10:00:00,2022-12-24 04:00:00
21.6275,2022-12-24 11:00:00,2022-12-24 05:00:00
18.9575,2022-12-24 12:00:00,2022-12-24 06:00:00
15.44,2022-12-24 23:00:00,2022-12-24 17:00:00
20.325,2022-12-25 00:00:00,2022-12-24 18:00:00
21.28,2022-12-25 01:00:00,2022-12-24 19:00:00
21.395000000000003,2022-12-25 02:00:00,2022-12-24 20:00:00
21.427500000000002,2022-12-25 03:00:00,2022-12-24 21:00:00
21.36,2022-12-25 04:00:00,2022-12-24 22:00:00
21.1575,2022-12-25 05:00:00,2022-12-24 23:00:00
21.2775,2022-12-25 06:00:00,2022-12-25 00:00:00
21.3525,2022-12-25 07:00:00,2022-12-25 01:00:00
21.39,2022-12-25 08:00:00,2022-12-25 02:00:00
21.427500000000002,2022-12-25 09:00:00,2022-12-25 03:00:00
21.5325,2022-12-25 10:00:00,2022-12-25 04:00:00
21.595,2022-12-25 11:00:00,2022-12-25 05:00:00
18.9175,2022-12-25 12:00:00,2022-12-25 06:00:00
16.03,2022-12-25 23:00:00,2022-12-25 17:00:00
20.354999999999997,2022-12-26 00:00:00,2022-12-25 18:00:00
21.052500000000002,2022-12-26 01:00:00,2022-12-25 19:00:00
21.130000000000003,2022-12-26 02:00:00,2022-12-25 20:00:00
21.237499999999997,2022-12-26 03:00:00,2022-12-25 21:00:00
21.285000000000004,2022-12-26 04:00:00,2022-12-25 22:00:00
21.3175,2022-12-26 05:00:00,2022-12-25 23:00:00
21.4725,2022-12-26 06:00:00,2022-12-26 00:00:00
21.935000000000002,2022-12-26 07:00:00,2022-12-26 01:00:00
21.605000000000004,2022-12-26 08:00:00,2022-12-26 02:00:00
21.625,2022-12-26 09:00:00,2022-12-26 03:00:00
21.5875,2022-12-26 10:00:00,2022-12-26 04:00:00
21.4125,2022-12-26 11:00:00,2022-12-26 05:00:00
18.885,2022-12-26 12:00:00,2022-12-26 06:00:00
15.28,2022-12-26 23:00:00,2022-12-26 17:00:00
20.1025,2022-12-27 00:00:00,2022-12-26 18:00:00
21.3,2022-12-27 01:00:00,2022-12-26 19:00:00
21.502499999999998,2022-12-27 02:00:00,2022-12-26 20:00:00
21.6825,2022-12-27 03:00:00,2022-12-26 21:00:00
21.675,2022-12-27 04:00:00,2022-12-26 22:00:00
21.7575,2022-12-27 05:00:00,2022-12-26 23:00:00
21.639999999999997,2022-12-27 06:00:00,2022-12-27 00:00:00
21.4325,2022-12-27 07:00:00,2022-12-27 01:00:00
21.432499999999997,2022-12-27 08:00:00,2022-12-27 02:00:00
21.4525,2022-12-27 09:00:00,2022-12-27 03:00:00
21.525,2022-12-27 10:00:00,2022-12-27 04:00:00
21.624999999999996,2022-12-27 11:00:00,2022-12-27 05:00:00
19.0575,2022-12-27 12:00:00,2022-12-27 06:00:00
15.81,2022-12-27 23:00:00,2022-12-27 17:00:00
20.235,2022-12-28 00:00:00,2022-12-27 18:00:00
21.025,2022-12-28 01:00:00,2022-12-27 19:00:00
21.08,2022-12-28 02:00:00,2022-12-27 20:00:00
21.2125,2022-12-28 03:00:00,2022-12-27 21:00:00
21.405,2022-12-28 04:00:00,2022-12-27 22:00:00
21.4125,2022-12-28 05:00:00,2022-12-27 23:00:00
21.42,2022-12-28 06:00:00,2022-12-28 00:00:00
21.417500000000004,2022-12-28 07:00:00,2022-12-28 01:00:00
21.474999999999998,2022-12-28 08:00:00,2022-12-28 02:00:00
21.5075,2022-12-28 09:00:00,2022-12-28 03:00:00
21.475,2022-12-28 10:00:00,2022-12-28 04:00:00
21.512500000000003,2022-12-28 11:00:00,2022-12-28 05:00:00
18.945,2022-12-28 12:00:00,2022-12-28 06:00:00
15.74,2022-12-28 23:00:00,2022-12-28 17:00:00
19.384999999999998,2022-12-29 00:00:00,2022-12-28 18:00:00
19.89,2022-12-29 01:00:00,2022-12-28 19:00:00
19.985,2022-12-29 02:00:00,2022-12-28 20:00:00
20.169999999999998,2022-12-29 03:00:00,2022-12-28 21:00:00
21.0375,2022-12-29 04:00:00,2022-12-28 22:00:00
22.1175,2022-12-29 05:00:00,2022-12-28 23:00:00
22.0675,2022-12-29 06:00:00,2022-12-29 00:00:00
22.265,2022-12-29 07:00:00,2022-12-29 01:00:00
21.732499999999998,2022-12-29 08:00:00,2022-12-29 02:00:00
21.275,2022-12-29 09:00:00,2022-12-29 03:00:00
21.155,2022-12-29 10:00:00,2022-12-29 04:00:00
21.4425,2022-12-29 11:00:00,2022-12-29 05:00:00
19.11,2022-12-29 12:00:00,2022-12-29 06:00:00
15.39,2022-12-29 23:00:00,2022-12-29 17:00:00
18.545,2022-12-30 00:00:00,2022-12-29 18:00:00
19.135,2022-12-30 01:00:00,2022-12-29 19:00:00
19.7225,2022-12-30 02:00:00,2022-12-29 20:00:00
19.175,2022-12-30 03:00:00,2022-12-29 21:00:00
19.7125,2022-12-30 04:00:00,2022-12-29 22:00:00
20.6675,2022-12-30 05:00:00,2022-12-29 23:00:00
21.455000000000002,2022-12-30 06:00:00,2022-12-30 00:00:00
21.445,2022-12-30 07:00:00,2022-12-30 01:00:00
21.607499999999998,2022-12-30 08:00:00,2022-12-30 02:00:00
22.08,2022-12-30 09:00:00,2022-12-30 03:00:00
22.302500000000002,2022-12-30 10:00:00,2022-12-30 04:00:00
21.869999999999997,2022-12-30 11:00:00,2022-12-30 05:00:00
19.564999999999998,2022-12-30 12:00:00,2022-12-30 06:00:00
17.955,2022-12-31 00:00:00,2022-12-30 18:00:00
17.9875,2022-12-31 01:00:00,2022-12-30 19:00:00
18.4075,2022-12-31 02:00:00,2022-12-30 20:00:00
18.5375,2022-12-31 03:00:00,2022-12-30 21:00:00
18.8325,2022-12-31 04:00:00,2022-12-30 22:00:00
19.207500000000003,2022-12-31 05:00:00,2022-12-30 23:00:00
19.9025,2022-12-31 06:00:00,2022-12-31 00:00:00
21.0475,2022-12-31 07:00:00,2022-12-31 01:00:00
21.3725,2022-12-31 08:00:00,2022-12-31 02:00:00
21.3425,2022-12-31 09:00:00,2022-12-31 03:00:00
21.485,2022-12-31 10:00:00,2022-12-31 04:00:00
21.47,2022-12-31 11:00:00,2022-12-31 05:00:00
19.1425,2022-12-31 12:00:00,2022-12-31 06:00:00
17.495,2023-01-01 00:00:00,2022-12-31 18:00:00
17.700000000000003,2023-01-01 01:00:00,2022-12-31 19:00:00
17.1725,2023-01-01 02:00:00,2022-12-31 20:00:00
18.2475,2023-01-01 03:00:00,2022-12-31 21:00:00
18.9475,2023-01-01 04:00:00,2022-12-31 22:00:00
19.2825,2023-01-01 05:00:00,2022-12-31 23:00:00
19.564999999999998,2023-01-01 06:00:00,2023-01-01 00:00:00
19.9575,2023-01-01 07:00:00,2023-01-01 01:00:00
21.017500000000002,2023-01-01 08:00:00,2023-01-01 02:00:00
21.4575,2023-01-01 09:00:00,2023-01-01 03:00:00
21.355,2023-01-01 10:00:00,2023-01-01 04:00:00
21.3825,2023-01-01 11:00:00,2023-01-01 05:00:00
18.9575,2023-01-01 12:00:00,2023-01-01 06:00:00
15.01,2023-01-01 23:00:00,2023-01-01 17:00:00
17.89,2023-01-02 00:00:00,2023-01-01 18:00:00
17.1575,2023-01-02 01:00:00,2023-01-01 19:00:00
16.585,2023-01-02 02:00:00,2023-01-01 20:00:00
16.4,2023-01-02 03:00:00,2023-01-01 21:00:00
17.182499999999997,2023-01-02 04:00:00,2023-01-01 22:00:00
17.6725,2023-01-02 05:00:00,2023-01-01 23:00:00
18.2525,2023-01-02 06:00:00,2023-01-02 00:00:00
19.012500000000003,2023-01-02 07:00:00,2023-01-02 01:00:00
19.28,2023-01-02 08:00:00,2023-01-02 02:00:00
20.549999999999997,2023-01-02 09:00:00,2023-01-02 03:00:00
21.2175,2023-01-02 10:00:00,2023-01-02 04:00:00
21.29,2023-01-02 11:00:00,2023-01-02 05:00:00
19.025,2023-01-02 12:00:00,2023-01-02 06:00:00
16.259999999999998,2023-01-02 23:00:00,2023-01-02 17:00:00
18.1525,2023-01-03 00:00:00,2023-01-02 18:00:00
18.5775,2023-01-03 01:00:00,2023-01-02 19:00:00
19.5,2023-01-03 02:00:00,2023-01-02 20:00:00
18.62,2023-01-03 03:00:00,2023-01-02 21:00:00
18.979999999999997,2023-01-03 04:00:00,2023-01-02 22:00:00
17.692500000000003,2023-01-03 05:00:00,2023-01-02 23:00:00
18.317500000000003,2023-01-03 06:00:00,2023-01-03 00:00:00
18.245,2023-01-03 07:00:00,2023-01-03 01:00:00
18.880000000000003,2023-01-03 08:00:00,2023-01-03 02:00:00
19.24,2023-01-03 09:00:00,2023-01-03 03:00:00
20.6075,2023-01-03 10:00:00,2023-01-03 04:00:00
21.442500000000003,2023-01-03 11:00:00,2023-01-03 05:00:00
19.237500000000004,2023-01-03 12:00:00,2023-01-03 06:00:00
18.0475,2023-01-04 00:00:00,2023-01-03 18:00:00
17.8475,2023-01-04 01:00:00,2023-01-03 19:00:00
16.5675,2023-01-04 02:00:00,2023-01-03 20:00:00
15.5525,2023-01-04 03:00:00,2023-01-03 21:00:00
15.14,2023-01-04 04:00:00,2023-01-03 22:00:00
15.680000000000001,2023-01-04 05:00:00,2023-01-03 23:00:00
16.66,2023-01-04 06:00:00,2023-01-04 00:00:00
18.035,2023-01-04 07:00:00,2023-01-04 01:00:00
18.865,2023-01-04 08:00:00,2023-01-04 02:00:00
19.392500000000002,2023-01-04 09:00:00,2023-01-04 03:00:00
19.805,2023-01-04 10:00:00,2023-01-04 04:00:00
20.707500000000003,2023-01-04 11:00:00,2023-01-04 05:00:00
19.317500000000003,2023-01-04 12:00:00,2023-01-04 06:00:00
18.5375,2023-01-05 00:00:00,2023-01-04 18:00:00
18.7925,2023-01-05 01:00:00,2023-01-04 19:00:00
17.9025,2023-01-05 02:00:00,2023-01-04 20:00:00
16.075,2023-01-05 03:00:00,2023-01-04 21:00:00
16.5475,2023-01-05 07:00:00,2023-01-05 01:00:00
17.93,2023-01-05 08:00:00,2023-01-05 02:00:00
18.215,2023-01-05 09:00:00,2023-01-05 03:00:00
18.0075,2023-01-05 10:00:00,2023-01-05 04:00:00
19.407500000000002,2023-01-05 11:00:00,2023-01-05 05:00:00
18.84,2023-01-05 12:00:00,2023-01-05 06:00:00
18.555,2023-01-06 00:00:00,2023-01-05 18:00:00
18.865000000000002,2023-01-06 01:00:00,2023-01-05 19:00:00
18.5625,2023-01-06 02:00:00,2023-01-05 20:00:00
17.27,2023-01-06 03:00:00,2023-01-05 21:00:00
15.780000000000001,2023-01-06 04:00:00,2023-01-05 22:00:00
15.29,2023-01-06 07:00:00,2023-01-06 01:00:00
16.655,2023-01-06 08:00:00,2023-01-06 02:00:00
17.4725,2023-01-06 09:00:00,2023-01-06 03:00:00
17.307499999999997,2023-01-06 10:00:00,2023-01-06 04:00:00
17.9125,2023-01-06 11:00:00,2023-01-06 05:00:00
17.865000000000002,2023-01-06 12:00:00,2023-01-06 06:00:00
18.155,2023-01-07 00:00:00,2023-01-06 18:00:00
18.645,2023-01-07 01:00:00,2023-01-06 19:00:00
17.1575,2023-01-07 02:00:00,2023-01-06 20:00:00
17.0275,2023-01-07 03:00:00,2023-01-06 21:00:00
16.1625,2023-01-07 04:00:00,2023-01-06 22:00:00
15.466666666666667,2023-01-07 05:00:00,2023-01-06 23:00:00
15.53,2023-01-07 06:00:00,2023-01-07 00:00:00
15.77,2023-01-07 07:00:00,2023-01-07 01:00:00
15.42,2023-01-07 08:00:00,2023-01-07 02:00:00
16.302500000000002,2023-01-07 09:00:00,2023-01-07 03:00:00
17.08,2023-01-07 10:00:00,2023-01-07 04:00:00
17.232499999999998,2023-01-07 11:00:00,2023-01-07 05:00:00
17.325,2023-01-07 12:00:00,2023-01-07 06:00:00
18.535,2023-01-08 00:00:00,2023-01-07 18:00:00
18.535,2023-01-08 01:00:00,2023-01-07 19:00:00
18.22,2023-01-08 02:00:00,2023-01-07 20:00:00
18.225,2023-01-08 03:00:00,2023-01-07 21:00:00
18.095,2023-01-08 04:00:00,2023-01-07 22:00:00
17.089999999999996,2023-01-08 05:00:00,2023-01-07 23:00:00
15.846666666666666,2023-01-08 06:00:00,2023-01-08 00:00:00
16.27,2023-01-08 08:00:00,2023-01-08 02:00:00
16.4075,2023-01-08 09:00:00,2023-01-08 03:00:00
17.189999999999998,2023-01-08 10:00:00,2023-01-08 04:00:00
18.15,2023-01-08 11:00:00,2023-01-08 05:00:00
17.759999999999998,2023-01-08 12:00:00,2023-01-08 06:00:00
19.615,2023-01-09 00:00:00,2023-01-08 18:00:00
20.29,2023-01-09 01:00:00,2023-01-08 19:00:00
19.65,2023-01-09 02:00:00,2023-01-08 20:00:00
19.365,2023-01-09 03:00:00,2023-01-08 21:00:00
19.055,2023-01-09 04:00:00,2023-01-08 22:00:00
18.51,2023-01-09 05:00:00,2023-01-08 23:00:00
16.92,2023-01-09 06:00:00,2023-01-09 00:00:00
15.695,2023-01-09 07:00:00,2023-01-09 01:00:00
15.2925,2023-01-09 08:00:00,2023-01-09 02:00:00
15.712499999999999,2023-01-09 09:00:00,2023-01-09 03:00:00
18.245,2023-01-09 10:00:00,2023-01-09 04:00:00
18.915,2023-01-09 11:00:00,2023-01-09 05:00:00
17.505,2023-01-09 12:00:00,2023-01-09 06:00:00
19.5875,2023-01-10 00:00:00,2023-01-09 18:00:00
21.442500000000003,2023-01-10 01:00:00,2023-01-09 19:00:00
20.48,2023-01-10 02:00:00,2023-01-09 20:00:00
19.8425,2023-01-10 03:00:00,2023-01-09 21:00:00
19.4825,2023-01-10 04:00:00,2023-01-09 22:00:00
19.169999999999998,2023-01-10 05:00:00,2023-01-09 23:00:00
18.567500000000003,2023-01-10 06:00:00,2023-01-10 00:00:00
17.567500000000003,2023-01-10 07:00:00,2023-01-10 01:00:00
16.3125,2023-01-10 08:00:00,2023-01-10 02:00:00
15.764999999999999,2023-01-10 09:00:00,2023-01-10 03:00:00
16.75,2023-01-10 10:00:00,2023-01-10 04:00:00
19.0375,2023-01-10 11:00:00,2023-01-10 05:00:00
18.142500000000002,2023-01-10 12:00:00,2023-01-10 06:00:00
19.44,2023-01-11 00:00:00,2023-01-10 18:00:00
21.21,2023-01-11 01:00:00,2023-01-10 19:00:00
21.3825,2023-01-11 02:00:00,2023-01-10 20:00:00
20.630000000000003,2023-01-11 03:00:00,2023-01-10 21:00:00
19.3125,2023-01-11 04:00:00,2023-01-10 22:00:00
19.3625,2023-01-11 05:00:00,2023-01-10 23:00:00
19.155,2023-01-11 06:00:00,2023-01-11 00:00:00
18.525000000000002,2023-01-11 07:00:00,2023-01-11 01:00:00
17.825000000000003,2023-01-11 08:00:00,2023-01-11 02:00:00
17.085,2023-01-11 09:00:00,2023-01-11 03:00:00
16.83,2023-01-11 10:00:00,2023-01-11 04:00:00
17.157500000000002,2023-01-11 11:00:00,2023-01-11 05:00:00
16.919999999999998,2023-01-11 12:00:00,2023-01-11 06:00:00
19.4725,2023-01-12 00:00:00,2023-01-11 18:00:00
21.400000000000002,2023-01-12 01:00:00,2023-01-11 19:00:00
21.365000000000002,2023-01-12 02:00:00,2023-01-11 20:00:00
21.03,2023-01-12 03:00:00,2023-01-11 21:00:00
20.3175,2023-01-12 04:00:00,2023-01-11 22:00:00
19.7925,2023-01-12 05:00:00,2023-01-11 23:00:00
19.52,2023-01-12 06:00:00,2023-01-12 00:00:00
18.512500000000003,2023-01-12 07:00:00,2023-01-12 01:00:00
18.1525,2023-01-12 08:00:00,2023-01-12 02:00:00
17.755,2023-01-12 09:00:00,2023-01-12 03:00:00
17.6575,2023-01-12 10:00:00,2023-01-12 04:00:00
17.865,2023-01-12 11:00:00,2023-01-12 05:00:00
18.935000000000002,2023-01-12 12:00:00,2023-01-12 06:00:00
20.085,2023-01-13 00:00:00,2023-01-12 18:00:00
22.4375,2023-01-13 01:00:00,2023-01-12 19:00:00
22.430000000000003,2023-01-13 02:00:00,2023-01-12 20:00:00
22.217499999999998,2023-01-13 03:00:00,2023-01-12 21:00:00
22.625,2023-01-13 04:00:00,2023-01-12 22:00:00
21.1625,2023-01-13 05:00:00,2023-01-12 23:00:00
19.6475,2023-01-13 06:00:00,2023-01-13 00:00:00
19.3575,2023-01-13 07:00:00,2023-01-13 01:00:00
19.3975,2023-01-13 08:00:00,2023-01-13 02:00:00
18.840000000000003,2023-01-13 09:00:00,2023-01-13 03:00:00
18.4525,2023-01-13 10:00:00,2023-01-13 04:00:00
18.495,2023-01-13 11:00:00,2023-01-13 05:00:00
17.73,2023-01-13 12:00:00,2023-01-13 06:00:00
19.41,2023-01-14 00:00:00,2023-01-13 18:00:00
21.482499999999998,2023-01-14 01:00:00,2023-01-13 19:00:00
21.5,2023-01-14 02:00:00,2023-01-13 20:00:00
21.64,2023-01-14 03:00:00,2023-01-13 21:00:00
21.8075,2023-01-14 04:00:00,2023-01-13 22:00:00
21.872500000000002,2023-01-14 05:00:00,2023-01-13 23:00:00
21.315,2023-01-14 06:00:00,2023-01-14 00:00:00
20.4575,2023-01-14 07:00:00,2023-01-14 01:00:00
19.537499999999998,2023-01-14 08:00:00,2023-01-14 02:00:00
19.2175,2023-01-14 09:00:00,2023-01-14 03:00:00
19.105,2023-01-14 10:00:00,2023-01-14 04:00:00
18.6375,2023-01-14 11:00:00,2023-01-14 05:00:00
18.212500000000002,2023-01-14 12:00:00,2023-01-14 06:00:00
19.055000000000003,2023-01-15 00:00:00,2023-01-14 18:00:00
21.2825,2023-01-15 01:00:00,2023-01-14 19:00:00
21.322499999999998,2023-01-15 02:00:00,2023-01-14 20:00:00
21.490000000000002,2023-01-15 03:00:00,2023-01-14 21:00:00
21.5475,2023-01-15 04:00:00,2023-01-14 22:00:00
21.557499999999997,2023-01-15 05:00:00,2023-01-14 23:00:00
21.625,2023-01-15 06:00:00,2023-01-15 00:00:00
21.365000000000002,2023-01-15 07:00:00,2023-01-15 01:00:00
20.695,2023-01-15 08:00:00,2023-01-15 02:00:00
19.955,2023-01-15 09:00:00,2023-01-15 03:00:00
19.865000000000002,2023-01-15 10:00:00,2023-01-15 04:00:00
19.3975,2023-01-15 11:00:00,2023-01-15 05:00:00
18.290000000000003,2023-01-15 12:00:00,2023-01-15 06:00:00
19.415,2023-01-16 00:00:00,2023-01-15 18:00:00
21.555,2023-01-16 01:00:00,2023-01-15 19:00:00
21.515,2023-01-16 02:00:00,2023-01-15 20:00:00
21.5275,2023-01-16 03:00:00,2023-01-15 21:00:00
21.815,2023-01-16 04:00:00,2023-01-15 22:00:00
22.18,2023-01-16 05:00:00,2023-01-15 23:00:00
22.105,2023-01-16 06:00:00,2023-01-16 00:00:00
21.810000000000002,2023-01-16 07:00:00,2023-01-16 01:00:00
22.0675,2023-01-16 08:00:00,2023-01-16 02:00:00
22.005,2023-01-16 09:00:00,2023-01-16 03:00:00
20.862499999999997,2023-01-16 10:00:00,2023-01-16 04:00:00
20.937500000000004,2023-01-16 11:00:00,2023-01-16 05:00:00
18.705,2023-01-16 12:00:00,2023-01-16 06:00:00
18.995,2023-01-17 00:00:00,2023-01-16 18:00:00
21.162499999999998,2023-01-17 01:00:00,2023-01-16 19:00:00
21.137500000000003,2023-01-17 02:00:00,2023-01-16 20:00:00
21.3725,2023-01-17 03:00:00,2023-01-16 21:00:00
21.375,2023-01-17 04:00:00,2023-01-16 22:00:00
21.3375,2023-01-17 05:00:00,2023-01-16 23:00:00
21.3625,2023-01-17 06:00:00,2023-01-17 00:00:00
21.445,2023-01-17 07:00:00,2023-01-17 01:00:00
21.395,2023-01-17 08:00:00,2023-01-17 02:00:00
21.275000000000002,2023-01-17 09:00:00,2023-01-17 03:00:00
21.2075,2023-01-17 10:00:00,2023-01-17 04:00:00
21.215000000000003,2023-01-17 11:00:00,2023-01-17 05:00:00
19.0475,2023-01-17 12:00:00,2023-01-17 06:00:00
18.7075,2023-01-18 00:00:00,2023-01-17 18:00:00
21.34,2023-01-18 01:00:00,2023-01-17 19:00:00
21.325000000000003,2023-01-18 02:00:00,2023-01-17 20:00:00
21.37,2023-01-18 03:00:00,2023-01-17 21:00:00
21.45,2023-01-18 04:00:00,2023-01-17 22:00:00
21.5775,2023-01-18 05:00:00,2023-01-17 23:00:00
21.52,2023-01-18 06:00:00,2023-01-18 00:00:00
21.485,2023-01-18 07:00:00,2023-01-18 01:00:00
21.6575,2023-01-18 08:00:00,2023-01-18 02:00:00
21.7875,2023-01-18 09:00:00,2023-01-18 03:00:00
22.13,2023-01-18 10:00:00,2023-01-18 04:00:00
22.572499999999998,2023-01-18 11:00:00,2023-01-18 05:00:00
20.485,2023-01-18 12:00:00,2023-01-18 06:00:00
19.830000000000002,2023-01-19 00:00:00,2023-01-18 18:00:00
21.392500000000002,2023-01-19 01:00:00,2023-01-18 19:00:00
21.445,2023-01-19 02:00:00,2023-01-18 20:00:00
21.4325,2023-01-19 03:00:00,2023-01-18 21:00:00
21.425,2023-01-19 04:00:00,2023-01-18 22:00:00
21.4175,2023-01-19 05:00:00,2023-01-18 23:00:00
21.505,2023-01-19 06:00:00,2023-01-19 00:00:00
21.517500000000002,2023-01-19 07:00:00,2023-01-19 01:00:00
21.485,2023-01-19 08:00:00,2023-01-19 02:00:00
21.4575,2023-01-19 09:00:00,2023-01-19 03:00:00
21.4775,2023-01-19 10:00:00,2023-01-19 04:00:00
21.545,2023-01-19 11:00:00,2023-01-19 05:00:00
19.072499999999998,2023-01-19 12:00:00,2023-01-19 06:00:00
19.883333333333333,2023-01-20 00:00:00,2023-01-19 18:00:00
21.4325,2023-01-20 01:00:00,2023-01-19 19:00:00
21.415,2023-01-20 02:00:00,2023-01-19 20:00:00
21.3825,2023-01-20 03:00:00,2023-01-19 21:00:00
21.35,2023-01-20 04:00:00,2023-01-19 22:00:00
21.355,2023-01-20 05:00:00,2023-01-19 23:00:00
21.53,2023-01-20 06:00:00,2023-01-20 00:00:00
21.57,2023-01-20 07:00:00,2023-01-20 01:00:00
21.555,2023-01-20 08:00:00,2023-01-20 02:00:00
21.5125,2023-01-20 09:00:00,2023-01-20 03:00:00
21.595,2023-01-20 10:00:00,2023-01-20 04:00:00
21.7275,2023-01-20 11:00:00,2023-01-20 05:00:00
19.35,2023-01-20 12:00:00,2023-01-20 06:00:00
19.69333333333333,2023-01-21 00:00:00,2023-01-20 18:00:00
21.425,2023-01-21 01:00:00,2023-01-20 19:00:00
21.445,2023-01-21 02:00:00,2023-01-20 20:00:00
21.455,2023-01-21 03:00:00,2023-01-20 21:00:00
21.509999999999998,2023-01-21 04:00:00,2023-01-20 22:00:00
21.6625,2023-01-21 05:00:00,2023-01-20 23:00:00
21.7775,2023-01-21 06:00:00,2023-01-21 00:00:00
21.8275,2023-01-21 07:00:00,2023-01-21 01:00:00
21.85,2023-01-21 08:00:00,2023-01-21 02:00:00
21.9125,2023-01-21 09:00:00,2023-01-21 03:00:00
22.0025,2023-01-21 10:00:00,2023-01-21 04:00:00
22.037499999999998,2023-01-21 11:00:00,2023-01-21 05:00:00
19.27,2023-01-21 12:00:00,2023-01-21 06:00:00
19.75,2023-01-22 00:00:00,2023-01-21 18:00:00
21.955,2023-01-22 01:00:00,2023-01-21 19:00:00
22.265,2023-01-22 02:00:00,2023-01-21 20:00:00
21.4025,2023-01-22 03:00:00,2023-01-21 21:00:00
21.405,2023-01-22 04:00:00,2023-01-21 22:00:00
21.357499999999998,2023-01-22 05:00:00,2023-01-21 23:00:00
21.505,2023-01-22 06:00:00,2023-01-22 00:00:00
21.7025,2023-01-22 07:00:00,2023-01-22 01:00:00
22.0625,2023-01-22 08:00:00,2023-01-22 02:00:00
22.4975,2023-01-22 09:00:00,2023-01-22 03:00:00
22.174999999999997,2023-01-22 10:00:00,2023-01-22 04:00:00
23.0325,2023-01-22 11:00:00,2023-01-22 05:00:00
20.1,2023-01-22 12:00:00,2023-01-22 06:00:00
20.293333333333333,2023-01-23 00:00:00,2023-01-22 18:00:00
22.532500000000002,2023-01-23 01:00:00,2023-01-22 19:00:00
22.637500000000003,2023-01-23 02:00:00,2023-01-22 20:00:00
22.892500000000002,2023-01-23 03:00:00,2023-01-22 21:00:00
22.142500000000005,2023-01-23 04:00:00,2023-01-22 22:00:00
21.7425,2023-01-23 05:00:00,2023-01-22 23:00:00
21.7575,2023-01-23 06:00:00,2023-01-23 00:00:00
21.555,2023-01-23 07:00:00,2023-01-23 01:00:00
21.502499999999998,2023-01-23 08:00:00,2023-01-23 02:00:00
21.555,2023-01-23 09:00:00,2023-01-23 03:00:00
21.595,2023-01-23 10:00:00,2023-01-23 04:00:00
21.615000000000002,2023-01-23 11:00:00,2023-01-23 05:00:00
20.01,2023-01-23 12:00:00,2023-01-23 06:00:00
19.466666666666665,2023-01-24 00:00:00,2023-01-23 18:00:00
21.310000000000002,2023-01-24 01:00:00,2023-01-23 19:00:00
21.36,2023-01-24 02:00:00,2023-01-23 20:00:00
21.3125,2023-01-24 03:00:00,2023-01-23 21:00:00
21.3975,2023-01-24 04:00:00,2023-01-23 22:00:00
21.5,2023-01-24 05:00:00,2023-01-23 23:00:00
21.7575,2023-01-24 06:00:00,2023-01-24 00:00:00
21.865,2023-01-24 07:00:00,2023-01-24 01:00:00
21.84,2023-01-24 08:00:00,2023-01-24 02:00:00
21.627499999999998,2023-01-24 09:00:00,2023-01-24 03:00:00
21.919999999999998,2023-01-24 10:00:00,2023-01-24 04:00:00
21.9925,2023-01-24 11:00:00,2023-01-24 05:00:00
20.376666666666665,2023-01-24 12:00:00,2023-01-24 06:00:00
21.475,2023-01-25 00:00:00,2023-01-24 18:00:00
24.17,2023-01-25 01:00:00,2023-01-24 19:00:00
23.82,2023-01-25 02:00:00,2023-01-24 20:00:00
23.76,2023-01-25 03:00:00,2023-01-24 21:00:00
23.5975,2023-01-25 04:00:00,2023-01-24 22:00:00
23.369999999999997,2023-01-25 05:00:00,2023-01-24 23:00:00
23.76,2023-01-25 06:00:00,2023-01-25 00:00:00
23.775,2023-01-25 07:00:00,2023-01-25 01:00:00
23.2875,2023-01-25 08:00:00,2023-01-25 02:00:00
22.84,2023-01-25 09:00:00,2023-01-25 03:00:00
21.9625,2023-01-25 10:00:00,2023-01-25 04:00:00
21.7275,2023-01-25 11:00:00,2023-01-25 05:00:00
19.2225,2023-01-25 12:00:00,2023-01-25 06:00:00
18.349999999999998,2023-01-26 00:00:00,2023-01-25 18:00:00
20.355,2023-01-26 01:00:00,2023-01-25 19:00:00
20.7775,2023-01-26 02:00:00,2023-01-25 20:00:00
21.4775,2023-01-26 03:00:00,2023-01-25 21:00:00
21.945,2023-01-26 04:00:00,2023-01-25 22:00:00
22.0175,2023-01-26 05:00:00,2023-01-25 23:00:00
22.205,2023-01-26 06:00:00,2023-01-26 00:00:00
22.060000000000002,2023-01-26 07:00:00,2023-01-26 01:00:00
22.125,2023-01-26 08:00:00,2023-01-26 02:00:00
21.994999999999997,2023-01-26 09:00:00,2023-01-26 03:00:00
21.759999999999998,2023-01-26 10:00:00,2023-01-26 04:00:00
21.682500000000005,2023-01-26 11:00:00,2023-01-26 05:00:00
19.733333333333334,2023-01-26 12:00:00,2023-01-26 06:00:00
18.503333333333334,2023-01-27 00:00:00,2023-01-26 18:00:00
19.865,2023-01-27 01:00:00,2023-01-26 19:00:00
19.8,2023-01-27 02:00:00,2023-01-26 20:00:00
20.202499999999997,2023-01-27 03:00:00,2023-01-26 21:00:00
20.915,2023-01-27 04:00:00,2023-01-26 22:00:00
21.5775,2023-01-27 05:00:00,2023-01-26 23:00:00
21.724999999999998,2023-01-27 06:00:00,2023-01-27 00:00:00
21.7225,2023-01-27 07:00:00,2023-01-27 01:00:00
21.7725,2023-01-27 08:00:00,2023-01-27 02:00:00
21.817500000000003,2023-01-27 09:00:00,2023-01-27 03:00:00
21.8975,2023-01-27 10:00:00,2023-01-27 04:00:00
21.955,2023-01-27 11:00:00,2023-01-27 05:00:00
20.076666666666664,2023-01-27 12:00:00,2023-01-27 06:00:00
17.676666666666666,2023-01-28 00:00:00,2023-01-27 18:00:00
19.955,2023-01-28 01:00:00,2023-01-27 19:00:00
20.365000000000002,2023-01-28 02:00:00,2023-01-27 20:00:00
20.4575,2023-01-28 03:00:00,2023-01-27 21:00:00
20.642500000000002,2023-01-28 04:00:00,2023-01-27 22:00:00
20.975,2023-01-28 05:00:00,2023-01-27 23:00:00
21.490000000000002,2023-01-28 06:00:00,2023-01-28 00:00:00
21.722500000000004,2023-01-28 07:00:00,2023-01-28 01:00:00
21.887500000000003,2023-01-28 08:00:00,2023-01-28 02:00:00
21.965,2023-01-28 09:00:00,2023-01-28 03:00:00
21.994999999999997,2023-01-28 10:00:00,2023-01-28 04:00:00
22.0275,2023-01-28 11:00:00,2023-01-28 05:00:00
20.09,2023-01-28 12:00:00,2023-01-28 06:00:00
18.16,2023-01-29 00:00:00,2023-01-28 18:00:00
18.947499999999998,2023-01-29 01:00:00,2023-01-28 19:00:00
18.905,2023-01-29 02:00:00,2023-01-28 20:00:00
18.5925,2023-01-29 03:00:00,2023-01-28 21:00:00
19.7525,2023-01-29 04:00:00,2023-01-28 22:00:00
20.58,2023-01-29 05:00:00,2023-01-28 23:00:00
21.0525,2023-01-29 06:00:00,2023-01-29 00:00:00
22.3,2023-01-29 07:00:00,2023-01-29 01:00:00
22.3725,2023-01-29 08:00:00,2023-01-29 02:00:00
22.310000000000002,2023-01-29 09:00:00,2023-01-29 03:00:00
22.307499999999997,2023-01-29 10:00:00,2023-01-29 04:00:00
22.065,2023-01-29 11:00:00,2023-01-29 05:00:00
18.982499999999998,2023-01-29 12:00:00,2023-01-29 06:00:00
18.460000000000004,2023-01-30 00:00:00,2023-01-29 18:00:00
19.375,2023-01-30 01:00:00,2023-01-29 19:00:00
19.03,2023-01-30 02:00:00,2023-01-29 20:00:00
18.777499999999996,2023-01-30 03:00:00,2023-01-29 21:00:00
19.055,2023-01-30 04:00:00,2023-01-29 22:00:00
19.8075,2023-01-30 05:00:00,2023-01-29 23:00:00
20.0225,2023-01-30 06:00:00,2023-01-30 00:00:00
20.955,2023-01-30 07:00:00,2023-01-30 01:00:00
22.310000000000002,2023-01-30 08:00:00,2023-01-30 02:00:00
22.772499999999997,2023-01-30 09:00:00,2023-01-30 03:00:00
22.8275,2023-01-30 10:00:00,2023-01-30 04:00:00
22.697499999999998,2023-01-30 11:00:00,2023-01-30 05:00:00
20.403333333333332,2023-01-30 12:00:00,2023-01-30 06:00:00
18.30333333333333,2023-01-31 00:00:00,2023-01-30 18:00:00
18.1875,2023-01-31 01:00:00,2023-01-30 19:00:00
18.53,2023-01-31 02:00:00,2023-01-30 20:00:00
18.345,2023-01-31 03:00:00,2023-01-30 21:00:00
18.4525,2023-01-31 04:00:00,2023-01-30 22:00:00
18.807499999999997,2023-01-31 05:00:00,2023-01-30 23:00:00
19.2575,2023-01-31 06:00:00,2023-01-31 00:00:00
19.4075,2023-01-31 07:00:00,2023-01-31 01:00:00
20.2525,2023-01-31 08:00:00,2023-01-31 02:00:00
21.9175,2023-01-31 09:00:00,2023-01-31 03:00:00
22.5,2023-01-31 10:00:00,2023-01-31 04:00:00
22.125,2023-01-31 11:00:00,2023-01-31 05:00:00
20.26,2023-01-31 12:00:00,2023-01-31 06:00:00
17.060000000000002,2023-02-01 00:00:00,2023-01-31 18:00:00
17.7975,2023-02-01 01:00:00,2023-01-31 19:00:00
17.63,2023-02-01 02:00:00,2023-01-31 20:00:00
17.5125,2023-02-01 03:00:00,2023-01-31 21:00:00
17.36,2023-02-01 04:00:00,2023-01-31 22:00:00
17.53,2023-02-01 05:00:00,2023-01-31 23:00:00
17.585,2023-02-01 06:00:00,2023-02-01 00:00:00
17.9825,2023-02-01 07:00:00,2023-02-01 01:00:00
18.805,2023-02-01 08:00:00,2023-02-01 02:00:00
19.31,2023-02-01 09:00:00,2023-02-01 03:00:00
20.4,2023-02-01 10:00:00,2023-02-01 04:00:00
20.57,2023-02-01 11:00:00,2023-02-01 05:00:00
19.133333333333333,2023-02-01 12:00:00,2023-02-01 06:00:00
17.633333333333333,2023-02-02 00:00:00,2023-02-01 18:00:00
17.85,2023-02-02 01:00:00,2023-02-01 19:00:00
17.6875,2023-02-02 02:00:00,2023-02-01 20:00:00
17.015,2023-02-02 03:00:00,2023-02-01 21:00:00
17.230000000000004,2023-02-02 04:00:00,2023-02-01 22:00:00
17.0325,2023-02-02 05:00:00,2023-02-01 23:00:00
17.262500000000003,2023-02-02 06:00:00,2023-02-02 00:00:00
17.339999999999996,2023-02-02 07:00:00,2023-02-02 01:00:00
17.872500000000002,2023-02-02 08:00:00,2023-02-02 02:00:00
18.3725,2023-02-02 09:00:00,2023-02-02 03:00:00
19.2225,2023-02-02 10:00:00,2023-02-02 04:00:00
20.615000000000002,2023-02-02 11:00:00,2023-02-02 05:00:00
19.23,2023-02-02 12:00:00,2023-02-02 06:00:00
18.28,2023-02-03 00:00:00,2023-02-02 18:00:00
18.627499999999998,2023-02-03 01:00:00,2023-02-02 19:00:00
17.1775,2023-02-03 02:00:00,2023-02-02 20:00:00
15.7225,2023-02-03 03:00:00,2023-02-02 21:00:00
15.076666666666668,2023-02-03 04:00:00,2023-02-02 22:00:00
15.29,2023-02-03 05:00:00,2023-02-02 23:00:00
16.075,2023-02-03 06:00:00,2023-02-03 00:00:00
16.77,2023-02-03 07:00:00,2023-02-03 01:00:00
17.185,2023-02-03 08:00:00,2023-02-03 02:00:00
17.622500000000002,2023-02-03 09:00:00,2023-02-03 03:00:00
18.67,2023-02-03 10:00:00,2023-02-03 04:00:00
20.0575,2023-02-03 11:00:00,2023-02-03 05:00:00
19.30666666666667,2023-02-03 12:00:00,2023-02-03 06:00:00
18.28,2023-02-04 00:00:00,2023-02-03 18:00:00
18.9,2023-02-04 01:00:00,2023-02-03 19:00:00
18.23,2023-02-04 02:00:00,2023-02-03 20:00:00
16.675,2023-02-04 03:00:00,2023-02-03 21:00:00
15.3825,2023-02-04 04:00:00,2023-02-03 22:00:00
15.305,2023-02-04 06:00:00,2023-02-04 00:00:00
15.989999999999998,2023-02-04 07:00:00,2023-02-04 01:00:00
16.68,2023-02-04 08:00:00,2023-02-04 02:00:00
17.0925,2023-02-04 09:00:00,2023-02-04 03:00:00
17.7275,2023-02-04 10:00:00,2023-02-04 04:00:00
18.700000000000003,2023-02-04 11:00:00,2023-02-04 05:00:00
18.503333333333334,2023-02-04 12:00:00,2023-02-04 06:00:00
18.28,2023-02-05 00:00:00,2023-02-04 18:00:00
18.805,2023-02-05 01:00:00,2023-02-04 19:00:00
17.729999999999997,2023-02-05 02:00:00,2023-02-04 20:00:00
17.5425,2023-02-05 03:00:00,2023-02-04 21:00:00
16.3825,2023-02-05 04:00:00,2023-02-04 22:00:00
15.739999999999998,2023-02-05 05:00:00,2023-02-04 23:00:00
15.06,2023-02-05 06:00:00,2023-02-05 00:00:00
15.24,2023-02-05 07:00:00,2023-02-05 01:00:00
16.6475,2023-02-05 08:00:00,2023-02-05 02:00:00
17.3275,2023-02-05 09:00:00,2023-02-05 03:00:00
17.9,2023-02-05 10:00:00,2023-02-05 04:00:00
18.515,2023-02-05 11:00:00,2023-02-05 05:00:00
18.03333333333333,2023-02-05 12:00:00,2023-02-05 06:00:00
18.21,2023-02-06 00:00:00,2023-02-05 18:00:00
19.040000000000003,2023-02-06 01:00:00,2023-02-05 19:00:00
18.71,2023-02-06 02:00:00,2023-02-05 20:00:00
18.305000000000003,2023-02-06 03:00:00,2023-02-05 21:00:00
17.6675,2023-02-06 04:00:00,2023-02-05 22:00:00
16.702499999999997,2023-02-06 05:00:00,2023-02-05 23:00:00
15.476666666666667,2023-02-06 06:00:00,2023-02-06 00:00:00
15.13,2023-02-06 07:00:00,2023-02-06 01:00:00
15.892500000000002,2023-02-06 08:00:00,2023-02-06 02:00:00
17.630000000000003,2023-02-06 09:00:00,2023-02-06 03:00:00
17.872500000000002,2023-02-06 10:00:00,2023-02-06 04:00:00
18.354999999999997,2023-02-06 11:00:00,2023-02-06 05:00:00
17.766666666666666,2023-02-06 12:00:00,2023-02-06 06:00:00
18.49,2023-02-07 00:00:00,2023-02-06 18:00:00
19.5875,2023-02-07 01:00:00,2023-02-06 19:00:00
18.2325,2023-02-07 02:00:00,2023-02-06 20:00:00
17.617500000000003,2023-02-07 03:00:00,2023-02-06 21:00:00
17.9425,2023-02-07 04:00:00,2023-02-06 22:00:00
17.0025,2023-02-07 05:00:00,2023-02-06 23:00:00
17.125,2023-02-07 06:00:00,2023-02-07 00:00:00
16.537499999999998,2023-02-07 07:00:00,2023-02-07 01:00:00
16.392500000000002,2023-02-07 08:00:00,2023-02-07 02:00:00
16.862499999999997,2023-02-07 09:00:00,2023-02-07 03:00:00
17.4075,2023-02-07 10:00:00,2023-02-07 04:00:00
19.455,2023-02-07 11:00:00,2023-02-07 05:00:00
18.606666666666666,2023-02-07 12:00:00,2023-02-07 06:00:00
17.676666666666666,2023-02-08 00:00:00,2023-02-07 18:00:00
22.159999999999997,2023-02-08 01:00:00,2023-02-07 19:00:00
21.045,2023-02-08 02:00:00,2023-02-07 20:00:00
19.152500000000003,2023-02-08 03:00:00,2023-02-07 21:00:00
19.295,2023-02-08 04:00:00,2023-02-07 22:00:00
19.45,2023-02-08 05:00:00,2023-02-07 23:00:00
18.5775,2023-02-08 06:00:00,2023-02-08 00:00:00
18.1975,2023-02-08 07:00:00,2023-02-08 01:00:00
18.152500000000003,2023-02-08 08:00:00,2023-02-08 02:00:00
18.765,2023-02-08 09:00:00,2023-02-08 03:00:00
19.3275,2023-02-08 10:00:00,2023-02-08 04:00:00
19.1875,2023-02-08 11:00:00,2023-02-08 05:00:00
18.596666666666668,2023-02-08 12:00:00,2023-02-08 06:00:00
