nsb,Timestamp_UTC,Timestamp_local,site,lat,lon,elev,d2m,t2m,sp,hcc,mcc,lcc
0.0,2024-08-23 22:00:00,2024-08-23 17:00:00,WODC,30.333,-98.133,1395,294.0315,309.59985,97188.375,1.0,0.1232605,0.0
0.0,2024-08-23 23:00:00,2024-08-23 18:00:00,WODC,30.333,-98.133,1395,294.44788,307.03955,97275.125,1.0,0.15765381,0.0
3.23,2024-08-24 00:00:00,2024-08-23 19:00:00,WODC,30.333,-98.133,1395,294.338,304.94666,97315.375,1.0,0.15649414,0.0
13.542499999999997,2024-08-24 01:00:00,2024-08-23 20:00:00,WODC,30.333,-98.133,1395,294.77002,302.01147,97369.875,0.99346924,0.030212402,0.0
18.58833333333333,2024-08-24 02:00:00,2024-08-23 21:00:00,WODC,30.333,-98.133,1395,295.37366,300.26282,97390.125,0.9985962,0.044647217,0.0
18.919166666666666,2024-08-24 03:00:00,2024-08-23 22:00:00,WODC,30.333,-98.133,1395,295.65045,299.95898,97409.56,0.99346924,0.031829834,0.0
18.62,2024-08-24 04:00:00,2024-08-23 23:00:00,WODC,30.333,-98.133,1395,295.86957,299.67383,97463.69,0.99346924,0.023468018,0.0
18.525,2024-08-24 05:00:00,2024-08-24 00:00:00,WODC,30.333,-98.133,1395,296.1776,299.02673,97452.25,0.996521,0.006958008,0.0
18.4175,2024-08-24 06:00:00,2024-08-24 01:00:00,WODC,30.333,-98.133,1395,296.50153,299.06213,97450.0,0.9951172,0.0,0.0
18.38416666666667,2024-08-24 07:00:00,2024-08-24 02:00:00,WODC,30.333,-98.133,1395,296.62372,298.84845,97445.94,0.9985962,0.0,0.0
17.979999999999997,2024-08-24 08:00:00,2024-08-24 03:00:00,WODC,30.333,-98.133,1395,296.67593,298.57843,97455.25,0.9985962,0.0,0.008605957
17.30333333333333,2024-08-24 09:00:00,2024-08-24 04:00:00,WODC,30.333,-98.133,1395,296.51395,298.34863,97449.125,0.99346924,0.0,0.02722168
16.385833333333334,2024-08-24 10:00:00,2024-08-24 05:00:00,WODC,30.333,-98.133,1395,295.87518,297.73505,97487.94,0.98349,0.0,0.26437378
14.38,2024-08-24 11:00:00,2024-08-24 06:00:00,WODC,30.333,-98.133,1395,295.78015,297.43445,97492.56,0.71481323,0.0,0.5583801
3.5849999999999995,2024-08-24 12:00:00,2024-08-24 07:00:00,WODC,30.333,-98.133,1395,295.78534,297.53827,97545.56,0.17507935,0.005126953,0.3345642
0.0,2024-08-24 13:00:00,2024-08-24 08:00:00,WODC,30.333,-98.133,1395,295.9666,298.02484,97587.44,0.051605225,0.034423828,0.1828003
0.0,2024-08-24 14:00:00,2024-08-24 09:00:00,WODC,30.333,-98.133,1395,296.3703,300.0603,97624.06,0.03302002,0.010223389,0.19281006
0.0,2024-08-24 15:00:00,2024-08-24 10:00:00,WODC,30.333,-98.133,1395,295.4944,302.19006,97631.0,0.018829346,0.030700684,0.20510864
0.0,2024-08-24 16:00:00,2024-08-24 11:00:00,WODC,30.333,-98.133,1395,294.9272,303.52167,97673.81,0.003479004,0.14422607,0.22399902
0.0,2024-08-24 17:00:00,2024-08-24 12:00:00,WODC,30.333,-98.133,1395,293.75366,305.93732,97616.0,0.0,0.20230103,0.111206055
0.0,2024-08-24 18:00:00,2024-08-24 13:00:00,WODC,30.333,-98.133,1395,293.07495,307.11072,97556.25,0.0,0.18395996,0.10043335
0.0,2024-08-24 19:00:00,2024-08-24 14:00:00,WODC,30.333,-98.133,1395,292.72162,307.41815,97496.25,0.0014038086,0.30581665,0.11904907
0.0,2024-08-24 20:00:00,2024-08-24 15:00:00,WODC,30.333,-98.133,1395,291.94293,308.58917,97443.125,0.0,0.23910522,0.025817871
0.0,2024-08-24 21:00:00,2024-08-24 16:00:00,WODC,30.333,-98.133,1395,291.3816,308.6101,97385.19,0.005584717,0.19137573,0.016021729
0.0,2024-08-24 22:00:00,2024-08-24 17:00:00,WODC,30.333,-98.133,1395,290.21948,308.76746,97330.81,0.008361816,0.053710938,0.0
0.0,2024-08-24 23:00:00,2024-08-24 18:00:00,WODC,30.333,-98.133,1395,289.59943,308.44147,97284.625,0.021392822,0.049072266,0.0
1.570833333333333,2024-08-25 00:00:00,2024-08-24 19:00:00,WODC,30.333,-98.133,1395,289.3794,307.93762,97345.625,0.09182739,0.0,0.0
12.810000000000002,2024-08-25 01:00:00,2024-08-24 20:00:00,WODC,30.333,-98.133,1395,289.7682,306.61554,97328.75,0.004180908,0.020690918,0.0
20.656666666666663,2024-08-25 02:00:00,2024-08-24 21:00:00,WODC,30.333,-98.133,1395,290.80212,304.3255,97392.0,0.07696533,0.008605957,0.0
20.78333333333333,2024-08-25 03:00:00,2024-08-24 22:00:00,WODC,30.333,-98.133,1395,291.85547,303.2755,97454.06,0.0,0.03768921,0.015594482
20.61083333333333,2024-08-25 04:00:00,2024-08-24 23:00:00,WODC,30.333,-98.133,1395,292.60278,302.3095,97533.75,0.0,0.010009766,0.017211914
20.1575,2024-08-25 05:00:00,2024-08-25 00:00:00,WODC,30.333,-98.133,1395,293.12048,300.48627,97548.44,0.0,0.035125732,0.017211914
19.905,2024-08-25 06:00:00,2024-08-25 01:00:00,WODC,30.333,-98.133,1395,293.5758,299.37585,97541.31,0.0,0.01651001,0.01373291
19.613333333333333,2024-08-25 07:00:00,2024-08-25 02:00:00,WODC,30.333,-98.133,1395,293.75684,298.8319,97512.0,0.0014038086,0.0,0.008605957
19.063333333333336,2024-08-25 08:00:00,2024-08-25 03:00:00,WODC,30.333,-98.133,1395,293.8733,297.81427,97491.125,0.0,0.0,0.005126953
18.176666666666662,2024-08-25 09:00:00,2024-08-25 04:00:00,WODC,30.333,-98.133,1395,293.92737,297.4676,97471.69,0.0,0.0,0.010009766
16.717499999999998,2024-08-25 10:00:00,2024-08-25 05:00:00,WODC,30.333,-98.133,1395,294.41028,296.5166,97497.125,0.0,0.0,0.035339355
14.1025,2024-08-25 11:00:00,2024-08-25 06:00:00,WODC,30.333,-98.133,1395,294.49823,296.18335,97519.19,0.0,0.0,0.076293945
3.4775000000000005,2024-08-25 12:00:00,2024-08-25 07:00:00,WODC,30.333,-98.133,1395,294.6767,296.1706,97560.875,0.0,0.0,0.12374878
0.0,2024-08-25 13:00:00,2024-08-25 08:00:00,WODC,30.333,-98.133,1395,295.1463,297.2605,97624.44,0.010467529,0.0,0.27746582
0.0,2024-08-25 14:00:00,2024-08-25 09:00:00,WODC,30.333,-98.133,1395,295.85645,299.90344,97674.125,0.03137207,0.046081543,0.30911255
0.0,2024-08-25 15:00:00,2024-08-25 10:00:00,WODC,30.333,-98.133,1395,295.55896,302.2578,97725.125,0.006958008,0.35720825,0.16723633
0.0,2024-08-25 16:00:00,2024-08-25 11:00:00,WODC,30.333,-98.133,1395,294.64758,303.67908,97746.31,0.013946533,0.37161255,0.24511719
0.0,2024-08-25 17:00:00,2024-08-25 12:00:00,WODC,30.333,-98.133,1395,293.23584,305.27087,97703.56,0.0,0.2746582,0.18792725
0.0,2024-08-25 18:00:00,2024-08-25 13:00:00,WODC,30.333,-98.133,1395,292.28003,306.37207,97675.0,0.0,0.14834595,0.15258789
0.0,2024-08-25 19:00:00,2024-08-25 14:00:00,WODC,30.333,-98.133,1395,291.51025,306.99805,97607.81,0.0,0.0664978,0.050689697
0.0,2024-08-25 20:00:00,2024-08-25 15:00:00,WODC,30.333,-98.133,1395,290.672,308.03394,97538.375,0.0,0.1390686,0.062316895
0.0,2024-08-25 21:00:00,2024-08-25 16:00:00,WODC,30.333,-98.133,1395,290.29907,308.49292,97491.44,0.0,0.16934204,0.013946533
0.0,2024-08-25 22:00:00,2024-08-25 17:00:00,WODC,30.333,-98.133,1395,290.4115,308.40735,97449.5,0.0,0.30532837,0.0
0.0,2024-08-25 23:00:00,2024-08-25 18:00:00,WODC,30.333,-98.133,1395,289.54492,307.99377,97435.06,0.0,0.41278076,0.0
1.5883333333333332,2024-08-26 00:00:00,2024-08-25 19:00:00,WODC,30.333,-98.133,1395,289.156,307.0719,97431.5,0.0,0.34466553,0.0
13.06,2024-08-26 01:00:00,2024-08-25 20:00:00,WODC,30.333,-98.133,1395,289.0077,305.90704,97443.19,0.0,0.3665161,0.041412354
20.645833333333336,2024-08-26 02:00:00,2024-08-25 21:00:00,WODC,30.333,-98.133,1395,289.1847,304.12408,97508.56,0.0,0.34628296,0.08746338
20.764166666666664,2024-08-26 03:00:00,2024-08-25 22:00:00,WODC,30.333,-98.133,1395,289.82214,303.34717,97580.625,0.0,0.31906128,0.09838867
20.7175,2024-08-26 04:00:00,2024-08-25 23:00:00,WODC,30.333,-98.133,1395,290.87622,302.30377,97639.81,0.023986816,0.14697266,0.09210205
20.585000000000004,2024-08-26 05:00:00,2024-08-26 00:00:00,WODC,30.333,-98.133,1395,292.29834,300.77856,97628.25,0.038635254,0.06512451,0.023040771
20.30666666666667,2024-08-26 06:00:00,2024-08-26 01:00:00,WODC,30.333,-98.133,1395,292.8932,299.41876,97650.0,0.16775513,0.02722168,0.0
20.115,2024-08-26 07:00:00,2024-08-26 02:00:00,WODC,30.333,-98.133,1395,293.56763,298.79785,97614.19,0.03768921,0.030944824,0.0
19.8225,2024-08-26 08:00:00,2024-08-26 03:00:00,WODC,30.333,-98.133,1395,293.9911,298.0855,97607.44,0.005126953,0.015106201,0.0
19.266666666666666,2024-08-26 09:00:00,2024-08-26 04:00:00,WODC,30.333,-98.133,1395,294.34204,297.62238,97573.94,0.0,0.008605957,0.0
18.32333333333333,2024-08-26 10:00:00,2024-08-26 05:00:00,WODC,30.333,-98.133,1395,294.4192,295.86554,97540.19,0.0,0.04510498,0.0
14.79,2024-08-26 11:00:00,2024-08-26 06:00:00,WODC,30.333,-98.133,1395,294.65845,297.00226,97612.06,0.14541626,0.0014038086,0.0
3.513333333333333,2024-08-26 12:00:00,2024-08-26 07:00:00,WODC,30.333,-98.133,1395,294.5492,297.2229,97645.875,0.38052368,0.0065307617,0.0
0.0,2024-08-26 13:00:00,2024-08-26 08:00:00,WODC,30.333,-98.133,1395,294.98956,297.66888,97679.625,0.4916687,0.049804688,0.032562256
0.0,2024-08-26 14:00:00,2024-08-26 09:00:00,WODC,30.333,-98.133,1395,294.5741,300.4527,97695.31,0.48510742,0.032562256,0.010223389
0.0,2024-08-26 15:00:00,2024-08-26 10:00:00,WODC,30.333,-98.133,1395,293.68005,302.30884,97737.75,0.37765503,0.18136597,0.039733887
0.0,2024-08-26 16:00:00,2024-08-26 11:00:00,WODC,30.333,-98.133,1395,293.578,302.60608,97747.31,0.0869751,0.24368286,0.08300781
0.0,2024-08-26 17:00:00,2024-08-26 12:00:00,WODC,30.333,-98.133,1395,293.07642,303.37268,97699.75,0.15890503,0.26904297,0.123535156
0.0,2024-08-26 18:00:00,2024-08-26 13:00:00,WODC,30.333,-98.133,1395,293.40088,304.0724,97652.25,0.16867065,0.15786743,0.1847229
0.0,2024-08-26 19:00:00,2024-08-26 14:00:00,WODC,30.333,-98.133,1395,293.34924,304.18494,97550.44,0.40475464,0.1678772,0.24935913
0.0,2024-08-26 20:00:00,2024-08-26 15:00:00,WODC,30.333,-98.133,1395,292.65405,304.89526,97638.44,0.899353,0.27468872,0.15301514
0.0,2024-08-26 21:00:00,2024-08-26 16:00:00,WODC,30.333,-98.133,1395,292.2079,305.77844,97581.56,0.9277344,0.19177246,0.0
0.0,2024-08-26 22:00:00,2024-08-26 17:00:00,WODC,30.333,-98.133,1395,293.91675,299.32507,97569.19,0.9937134,0.24783325,0.023468018
0.0,2024-08-26 23:00:00,2024-08-26 18:00:00,WODC,30.333,-98.133,1395,293.15015,299.7677,97533.56,0.98791504,0.024169922,0.005126953
3.168333333333333,2024-08-27 00:00:00,2024-08-26 19:00:00,WODC,30.333,-98.133,1395,292.92346,300.00928,97494.875,0.97558594,0.007659912,0.0
13.425833333333337,2024-08-27 01:00:00,2024-08-26 20:00:00,WODC,30.333,-98.133,1395,292.9912,299.45154,97485.75,0.99346924,0.05419922,0.017211914
20.59583333333333,2024-08-27 02:00:00,2024-08-26 21:00:00,WODC,30.333,-98.133,1395,293.06177,298.10803,97539.5,0.94137573,0.052093506,0.0390625
20.815,2024-08-27 03:00:00,2024-08-26 22:00:00,WODC,30.333,-98.133,1395,292.85394,297.8407,97565.5,0.41204834,0.009765625,0.038848877
20.828333333333333,2024-08-27 04:00:00,2024-08-26 23:00:00,WODC,30.333,-98.133,1395,292.85193,297.12018,97617.44,0.02557373,0.1081543,0.07141113
20.659166666666668,2024-08-27 05:00:00,2024-08-27 00:00:00,WODC,30.333,-98.133,1395,292.79602,296.2273,97593.69,0.010223389,0.3284607,0.09674072
20.85833333333333,2024-08-27 06:00:00,2024-08-27 01:00:00,WODC,30.333,-98.133,1395,292.61206,295.82745,97597.375,0.107666016,0.20193481,0.07815552
20.460833333333333,2024-08-27 07:00:00,2024-08-27 02:00:00,WODC,30.333,-98.133,1395,293.0692,295.63373,97544.81,0.18069458,0.15536499,0.020233154
20.135,2024-08-27 08:00:00,2024-08-27 03:00:00,WODC,30.333,-98.133,1395,293.39087,295.64587,97510.0,0.01675415,0.17440796,0.07046509
19.72833333333333,2024-08-27 09:00:00,2024-08-27 04:00:00,WODC,30.333,-98.133,1395,293.7273,296.22913,97526.94,0.0423584,0.3369751,0.29052734
19.13,2024-08-27 10:00:00,2024-08-27 05:00:00,WODC,30.333,-98.133,1395,293.5843,295.07947,97464.69,0.23049927,0.47888184,0.1972351
16.243333333333332,2024-08-27 11:00:00,2024-08-27 06:00:00,WODC,30.333,-98.133,1395,293.65424,295.0155,97521.44,0.07998657,0.50445557,0.4923401
3.704166666666667,2024-08-27 12:00:00,2024-08-27 07:00:00,WODC,30.333,-98.133,1395,293.76086,295.1328,97590.31,0.3581543,0.90005493,0.76049805
0.0,2024-08-27 13:00:00,2024-08-27 08:00:00,WODC,30.333,-98.133,1395,294.26172,295.57568,97597.44,0.4184265,0.50701904,0.39944458
0.0,2024-08-27 14:00:00,2024-08-27 09:00:00,WODC,30.333,-98.133,1395,294.5963,296.43103,97628.94,0.4840088,0.7342224,0.5217285
0.0,2024-08-27 15:00:00,2024-08-27 10:00:00,WODC,30.333,-98.133,1395,295.21716,297.39246,97657.25,0.6088562,1.0,1.0
0.0,2024-08-27 16:00:00,2024-08-27 11:00:00,WODC,30.333,-98.133,1395,295.35303,298.82654,97686.5,0.71377563,0.8302002,0.7486572
0.0,2024-08-27 17:00:00,2024-08-27 12:00:00,WODC,30.333,-98.133,1395,295.08887,300.292,97686.125,0.84399414,0.66864014,0.11627197
0.0,2024-08-27 18:00:00,2024-08-27 13:00:00,WODC,30.333,-98.133,1395,294.85474,300.75525,97621.5,0.9425659,0.010223389,0.24560547
0.0,2024-08-27 19:00:00,2024-08-27 14:00:00,WODC,30.333,-98.133,1395,295.04797,301.80164,97547.5,0.9951172,0.0,0.20233154
0.0,2024-08-27 20:00:00,2024-08-27 15:00:00,WODC,30.333,-98.133,1395,294.7202,303.06116,97481.44,0.98651123,0.068603516,0.23742676
0.0,2024-08-27 21:00:00,2024-08-27 16:00:00,WODC,30.333,-98.133,1395,293.76733,303.49597,97409.81,0.9779053,0.039764404,0.06323242
0.0,2024-08-27 22:00:00,2024-08-27 17:00:00,WODC,30.333,-98.133,1395,293.41107,302.42212,97358.5,0.8343811,0.18069458,0.07003784
0.0,2024-08-27 23:00:00,2024-08-27 18:00:00,WODC,30.333,-98.133,1395,293.24298,301.5559,97334.75,0.9039612,0.31530762,0.25
5.355833333333333,2024-08-28 00:00:00,2024-08-27 19:00:00,WODC,30.333,-98.133,1395,293.0901,301.37598,97386.19,0.9486084,0.39370728,0.16949463
13.865,2024-08-28 01:00:00,2024-08-27 20:00:00,WODC,30.333,-98.133,1395,292.74854,300.08423,97418.81,0.98046875,0.20666504,0.12509155
20.57333333333333,2024-08-28 02:00:00,2024-08-27 21:00:00,WODC,30.333,-98.133,1395,292.44373,298.4668,97455.56,0.99346924,0.20019531,0.09555054
20.598333333333333,2024-08-28 03:00:00,2024-08-27 22:00:00,WODC,30.333,-98.133,1395,292.72925,298.05396,97500.06,1.0,0.16116333,0.07879639
20.485,2024-08-28 04:00:00,2024-08-27 23:00:00,WODC,30.333,-98.133,1395,293.03088,297.24158,97516.125,0.9958191,0.038360596,0.051635742
20.57166666666667,2024-08-28 05:00:00,2024-08-28 00:00:00,WODC,30.333,-98.133,1395,293.71045,296.92657,97496.0,0.97302246,0.033721924,0.010467529
20.44333333333333,2024-08-28 06:00:00,2024-08-28 01:00:00,WODC,30.333,-98.133,1395,294.1914,296.46814,97493.75,0.9588623,0.020690918,0.0
20.185,2024-08-28 07:00:00,2024-08-28 02:00:00,WODC,30.333,-98.133,1395,294.59497,296.44238,97482.31,0.8472595,0.015106201,0.0
20.45583333333333,2024-08-28 08:00:00,2024-08-28 03:00:00,WODC,30.333,-98.133,1395,294.77087,296.07678,97461.125,0.12960815,0.010009766,0.04373169
20.614166666666662,2024-08-28 09:00:00,2024-08-28 04:00:00,WODC,30.333,-98.133,1395,294.9132,295.89465,97468.625,0.075164795,0.014892578,0.2614441
20.109166666666667,2024-08-28 10:00:00,2024-08-28 05:00:00,WODC,30.333,-98.133,1395,294.60638,295.63135,97472.5,0.7569885,0.12887573,0.25979614
16.018333333333334,2024-08-28 11:00:00,2024-08-28 06:00:00,WODC,30.333,-98.133,1395,294.45325,295.6516,97443.44,0.7383728,0.09069824,0.079071045
3.595,2024-08-28 12:00:00,2024-08-28 07:00:00,WODC,30.333,-98.133,1395,294.687,296.1095,97539.125,0.6574707,0.05859375,0.0993042
0.0,2024-08-28 13:00:00,2024-08-28 08:00:00,WODC,30.333,-98.133,1395,295.5514,296.86273,97555.69,0.5807495,0.1348877,0.043029785
0.0,2024-08-28 14:00:00,2024-08-28 09:00:00,WODC,30.333,-98.133,1395,296.09814,297.8133,97566.44,0.63656616,0.08602905,0.58187866
0.0,2024-08-28 15:00:00,2024-08-28 10:00:00,WODC,30.333,-98.133,1395,296.36176,299.2456,97579.75,0.45425415,0.071136475,0.29708862
0.0,2024-08-28 16:00:00,2024-08-28 11:00:00,WODC,30.333,-98.133,1395,295.72522,300.60095,97574.0,0.45288086,0.10720825,0.12722778
0.0,2024-08-28 17:00:00,2024-08-28 12:00:00,WODC,30.333,-98.133,1395,294.9651,302.2223,97531.0,0.6626587,0.06417847,0.18585205
0.0,2024-08-28 18:00:00,2024-08-28 13:00:00,WODC,30.333,-98.133,1395,294.9441,304.011,97469.56,0.5050354,0.13442993,0.15652466
0.0,2024-08-28 19:00:00,2024-08-28 14:00:00,WODC,30.333,-98.133,1395,294.60492,304.8899,97375.0,0.61312866,0.22564697,0.4560852
0.0,2024-08-28 20:00:00,2024-08-28 15:00:00,WODC,30.333,-98.133,1395,293.73535,305.557,97329.125,0.8086548,0.13046265,0.35327148
0.0,2024-08-28 21:00:00,2024-08-28 16:00:00,WODC,30.333,-98.133,1395,293.61108,305.61194,97230.0,0.89004517,0.05230713,0.26208496
0.0,2024-08-28 22:00:00,2024-08-28 17:00:00,WODC,30.333,-98.133,1395,293.74414,304.281,97160.44,0.836792,0.37225342,0.06277466
0.0,2024-08-28 23:00:00,2024-08-28 18:00:00,WODC,30.333,-98.133,1395,294.75177,303.1991,97279.875,0.6965637,0.27947998,0.18069458
3.815,2024-08-29 00:00:00,2024-08-28 19:00:00,WODC,30.333,-98.133,1395,295.62634,299.95447,97290.81,0.7418823,0.34991455,0.19067383
14.145,2024-08-29 01:00:00,2024-08-28 20:00:00,WODC,30.333,-98.133,1395,295.58868,298.90222,97338.375,0.8116455,0.3224182,0.051635742
19.901666666666667,2024-08-29 02:00:00,2024-08-28 21:00:00,WODC,30.333,-98.133,1395,294.9916,297.21826,97399.94,0.7958069,0.15066528,0.10998535
20.675,2024-08-29 03:00:00,2024-08-28 22:00:00,WODC,30.333,-98.133,1395,295.0146,297.0973,97398.75,0.9179077,0.045074463,0.008605957
20.676666666666662,2024-08-29 04:00:00,2024-08-28 23:00:00,WODC,30.333,-98.133,1395,294.84705,296.43164,97400.31,0.9683838,0.03277588,0.019989014
20.65083333333333,2024-08-29 05:00:00,2024-08-29 00:00:00,WODC,30.333,-98.133,1395,294.5658,295.83752,97369.125,0.9985962,0.010009766,0.019989014
20.3775,2024-08-29 06:00:00,2024-08-29 01:00:00,WODC,30.333,-98.133,1395,294.45355,295.66846,97336.875,0.8542175,0.0014038086,0.0
20.793333333333333,2024-08-29 07:00:00,2024-08-29 02:00:00,WODC,30.333,-98.133,1395,294.39532,295.42883,97365.81,0.70584106,0.011413574,0.059783936
20.8725,2024-08-29 08:00:00,2024-08-29 03:00:00,WODC,30.333,-98.133,1395,294.2577,295.0653,97372.06,0.542572,0.023468018,0.0718689
20.92666666666667,2024-08-29 09:00:00,2024-08-29 04:00:00,WODC,30.333,-98.133,1395,294.21326,295.11987,97326.5,0.3828125,0.04046631,0.29977417
20.6475,2024-08-29 10:00:00,2024-08-29 05:00:00,WODC,30.333,-98.133,1395,294.14447,294.63928,97343.875,0.003479004,0.021636963,0.22555542
16.4325,2024-08-29 11:00:00,2024-08-29 06:00:00,WODC,30.333,-98.133,1395,294.26526,294.8194,97331.125,0.0,0.0,0.5135498
3.0825,2024-08-29 12:00:00,2024-08-29 07:00:00,WODC,30.333,-98.133,1395,294.24103,294.7824,97391.31,0.0,0.005126953,0.9428711
0.0,2024-08-29 13:00:00,2024-08-29 08:00:00,WODC,30.333,-98.133,1395,294.87457,295.7262,97422.5,0.0,0.005126953,0.7616272
0.0,2024-08-29 14:00:00,2024-08-29 09:00:00,WODC,30.333,-98.133,1395,295.12097,297.2555,97473.44,0.0,0.10562134,0.6433716
0.0,2024-08-29 15:00:00,2024-08-29 10:00:00,WODC,30.333,-98.133,1395,295.35217,298.3545,97465.375,0.0,0.19049072,0.40093994
0.0,2024-08-29 16:00:00,2024-08-29 11:00:00,WODC,30.333,-98.133,1395,294.76227,299.5371,97462.5,0.0,0.24716187,0.6460266
0.0,2024-08-29 17:00:00,2024-08-29 12:00:00,WODC,30.333,-98.133,1395,293.63623,301.682,97457.875,0.005126953,0.21807861,0.6918335
0.0,2024-08-29 18:00:00,2024-08-29 13:00:00,WODC,30.333,-98.133,1395,293.98517,302.73676,97402.44,0.025360107,0.16018677,0.6734009
0.0,2024-08-29 19:00:00,2024-08-29 14:00:00,WODC,30.333,-98.133,1395,293.79254,303.1631,97322.19,0.012786865,0.27139282,0.484375
0.0,2024-08-29 20:00:00,2024-08-29 15:00:00,WODC,30.333,-98.133,1395,293.484,304.16736,97225.0,0.015594482,0.2567749,0.33096313
0.0,2024-08-29 21:00:00,2024-08-29 16:00:00,WODC,30.333,-98.133,1395,293.2027,305.0708,97150.375,0.005126953,0.2328186,0.07531738
0.0,2024-08-29 22:00:00,2024-08-29 17:00:00,WODC,30.333,-98.133,1395,293.91028,305.224,97050.5,0.49484253,0.54315186,0.09561157
0.0,2024-08-29 23:00:00,2024-08-29 18:00:00,WODC,30.333,-98.133,1395,294.1156,305.06946,97012.625,0.39492798,0.5068054,0.0423584
2.714166666666667,2024-08-30 00:00:00,2024-08-29 19:00:00,WODC,30.333,-98.133,1395,294.65198,303.9099,97082.94,0.4741211,0.3189087,0.13119507
14.231666666666667,2024-08-30 01:00:00,2024-08-29 20:00:00,WODC,30.333,-98.133,1395,294.60767,302.90155,97106.75,0.23849487,0.23022461,0.13186646
20.66416666666667,2024-08-30 02:00:00,2024-08-29 21:00:00,WODC,30.333,-98.133,1395,294.53662,301.1537,97179.69,0.13775635,0.31930542,0.18859863
20.745,2024-08-30 03:00:00,2024-08-29 22:00:00,WODC,30.333,-98.133,1395,294.56537,300.583,97252.94,0.08886719,0.24395752,0.084869385
20.82583333333333,2024-08-30 04:00:00,2024-08-29 23:00:00,WODC,30.333,-98.133,1395,294.6682,299.7511,97263.69,0.015350342,0.15301514,0.107910156
20.805,2024-08-30 05:00:00,2024-08-30 00:00:00,WODC,30.333,-98.133,1395,294.76086,298.6989,97284.5,0.0014038086,0.14419556,0.13604736
20.92083333333333,2024-08-30 06:00:00,2024-08-30 01:00:00,WODC,30.333,-98.133,1395,294.9375,298.2992,97296.19,0.0027770996,0.07885742,0.18374634
20.918333333333333,2024-08-30 07:00:00,2024-08-30 02:00:00,WODC,30.333,-98.133,1395,295.1344,298.27155,97264.25,0.0,0.12164307,0.26745605
21.1225,2024-08-30 08:00:00,2024-08-30 03:00:00,WODC,30.333,-98.133,1395,295.17786,297.51532,97208.06,0.0,0.13119507,0.3390808
21.034166666666664,2024-08-30 09:00:00,2024-08-30 04:00:00,WODC,30.333,-98.133,1395,295.1347,296.89795,97189.25,0.0,0.14212036,0.21374512
20.812500000000004,2024-08-30 10:00:00,2024-08-30 05:00:00,WODC,30.333,-98.133,1395,295.0492,295.5288,97164.375,0.06491089,0.3143921,0.8096924
16.410833333333333,2024-08-30 11:00:00,2024-08-30 06:00:00,WODC,30.333,-98.133,1395,295.18414,295.5089,97171.0,0.020477295,0.48236084,0.86383057
3.575833333333333,2024-08-30 12:00:00,2024-08-30 07:00:00,WODC,30.333,-98.133,1395,295.22467,295.62018,97270.56,0.008361816,0.35095215,0.90615845
0.0,2024-08-30 13:00:00,2024-08-30 08:00:00,WODC,30.333,-98.133,1395,295.74805,296.38672,97330.625,0.041168213,0.4534607,0.71551514
0.0,2024-08-30 14:00:00,2024-08-30 09:00:00,WODC,30.333,-98.133,1395,296.3841,297.87732,97375.94,0.12634277,0.3768921,0.35662842
0.0,2024-08-30 15:00:00,2024-08-30 10:00:00,WODC,30.333,-98.133,1395,297.04004,299.46716,97427.875,0.09515381,0.25091553,0.501709
0.0,2024-08-30 16:00:00,2024-08-30 11:00:00,WODC,30.333,-98.133,1395,296.12885,301.10516,97426.375,0.10583496,0.53067017,0.24633789
0.0,2024-08-30 17:00:00,2024-08-30 12:00:00,WODC,30.333,-98.133,1395,295.93396,302.52948,97388.0,0.13934326,0.7784729,0.3397827
0.0,2024-08-30 18:00:00,2024-08-30 13:00:00,WODC,30.333,-98.133,1395,295.4228,303.43384,97347.125,0.5553589,0.36965942,0.31375122
0.0,2024-08-30 19:00:00,2024-08-30 14:00:00,WODC,30.333,-98.133,1395,294.89624,304.01404,97284.31,0.9692993,0.10787964,0.03881836
0.0,2024-08-30 20:00:00,2024-08-30 15:00:00,WODC,30.333,-98.133,1395,294.09875,304.91296,97264.69,0.9388428,0.21444702,0.29129028
0.0,2024-08-30 21:00:00,2024-08-30 16:00:00,WODC,30.333,-98.133,1395,293.36377,305.67114,97164.125,1.0,0.14324951,0.080200195
0.0,2024-08-30 22:00:00,2024-08-30 17:00:00,WODC,30.333,-98.133,1395,295.56653,303.38672,97062.0,0.6581421,0.72888184,0.07861328
0.0,2024-08-30 23:00:00,2024-08-30 18:00:00,WODC,30.333,-98.133,1395,294.8213,303.8711,97042.125,0.52438354,0.4944458,0.1083374
2.8341666666666665,2024-08-31 00:00:00,2024-08-30 19:00:00,WODC,30.333,-98.133,1395,294.5542,303.62,97048.25,0.41973877,0.35839844,0.14233398
14.55,2024-08-31 01:00:00,2024-08-30 20:00:00,WODC,30.333,-98.133,1395,294.5357,302.19482,97116.75,0.45184326,0.30187988,0.15371704
20.631666666666664,2024-08-31 02:00:00,2024-08-30 21:00:00,WODC,30.333,-98.133,1395,294.6604,300.07935,97213.0,0.22024536,0.38531494,0.237854
20.66166666666667,2024-08-31 03:00:00,2024-08-30 22:00:00,WODC,30.333,-98.133,1395,294.58246,299.50964,97293.875,0.3015747,0.38323975,0.26620483
20.647500000000004,2024-08-31 04:00:00,2024-08-30 23:00:00,WODC,30.333,-98.133,1395,294.40668,299.5492,97331.19,0.70648193,0.42279053,0.06442261
20.72083333333333,2024-08-31 05:00:00,2024-08-31 00:00:00,WODC,30.333,-98.133,1395,294.5041,298.6869,97321.125,0.8562622,0.4911499,0.20025635
20.796666666666663,2024-08-31 06:00:00,2024-08-31 01:00:00,WODC,30.333,-98.133,1395,294.6272,297.9016,97279.81,0.7838745,0.1979065,0.104400635
20.896666666666665,2024-08-31 07:00:00,2024-08-31 02:00:00,WODC,30.333,-98.133,1395,294.89087,297.5996,97267.125,0.9367981,0.13973999,0.07998657
20.94333333333333,2024-08-31 08:00:00,2024-08-31 03:00:00,WODC,30.333,-98.133,1395,294.84607,296.76062,97247.81,0.8788147,0.115112305,0.10580444
20.941666666666663,2024-08-31 09:00:00,2024-08-31 04:00:00,WODC,30.333,-98.133,1395,294.7536,296.62524,97237.125,0.93722534,0.16625977,0.10745239
20.8525,2024-08-31 10:00:00,2024-08-31 05:00:00,WODC,30.333,-98.133,1395,294.37225,295.89624,97211.06,0.56533813,0.28997803,0.09793091
16.339166666666664,2024-08-31 11:00:00,2024-08-31 06:00:00,WODC,30.333,-98.133,1395,294.278,295.81226,97251.0,0.7838135,0.19229126,0.084228516
3.5291666666666663,2024-08-31 12:00:00,2024-08-31 07:00:00,WODC,30.333,-98.133,1395,294.24268,295.83472,97250.81,0.2819214,0.13879395,0.10095215
0.0,2024-08-31 13:00:00,2024-08-31 08:00:00,WODC,30.333,-98.133,1395,294.7917,296.7547,97299.875,0.190979,0.27230835,0.13256836
0.0,2024-08-31 14:00:00,2024-08-31 09:00:00,WODC,30.333,-98.133,1395,295.6178,299.09338,97357.875,0.113983154,0.39071655,0.26861572
0.0,2024-08-31 15:00:00,2024-08-31 10:00:00,WODC,30.333,-98.133,1395,295.4735,300.8365,97386.125,0.066711426,0.500824,0.4246521
0.0,2024-08-31 16:00:00,2024-08-31 11:00:00,WODC,30.333,-98.133,1395,294.5534,301.82324,97399.94,0.18997192,0.52923584,0.47381592
0.0,2024-08-31 17:00:00,2024-08-31 12:00:00,WODC,30.333,-98.133,1395,294.1612,303.18054,97365.56,0.24023438,0.15414429,0.13253784
0.0,2024-08-31 18:00:00,2024-08-31 13:00:00,WODC,30.333,-98.133,1395,293.86438,304.32227,97301.125,0.15161133,0.24163818,0.17141724
0.0,2024-08-31 19:00:00,2024-08-31 14:00:00,WODC,30.333,-98.133,1395,293.53528,305.3432,97222.56,0.16488647,0.31420898,0.18301392
0.0,2024-08-31 20:00:00,2024-08-31 15:00:00,WODC,30.333,-98.133,1395,293.325,305.28088,97124.44,0.14929199,0.26861572,0.11508179
0.0,2024-08-31 21:00:00,2024-08-31 16:00:00,WODC,30.333,-98.133,1395,293.2032,305.08325,97043.81,0.12512207,0.29907227,0.13739014
0.0,2024-08-31 22:00:00,2024-08-31 17:00:00,WODC,30.333,-98.133,1395,294.51514,304.443,96933.56,0.13745117,0.78115845,0.050476074
0.0,2024-08-31 23:00:00,2024-08-31 18:00:00,WODC,30.333,-98.133,1395,294.138,303.92822,96947.375,0.2671814,0.4647827,0.15878296
2.341666666666667,2024-09-01 00:00:00,2024-08-31 19:00:00,WODC,30.333,-98.133,1395,293.7721,302.77222,96950.625,0.23001099,0.31576538,0.13116455
14.861666666666666,2024-09-01 01:00:00,2024-08-31 20:00:00,WODC,30.333,-98.133,1395,293.65607,302.20776,96991.81,0.7267456,0.19625854,0.10699463
20.609166666666663,2024-09-01 02:00:00,2024-08-31 21:00:00,WODC,30.333,-98.133,1395,293.67438,300.82617,97029.94,0.4460144,0.20324707,0.1581726
20.680833333333336,2024-09-01 03:00:00,2024-08-31 22:00:00,WODC,30.333,-98.133,1395,293.80835,299.67676,97082.31,0.003479004,0.1411438,0.19070435
20.63833333333333,2024-09-01 04:00:00,2024-08-31 23:00:00,WODC,30.333,-98.133,1395,294.04742,299.75708,97159.25,0.017425537,0.1774292,0.22909546
20.73,2024-09-01 05:00:00,2024-09-01 00:00:00,WODC,30.333,-98.133,1395,294.0404,298.411,97147.44,0.17419434,0.168396,0.23022461
20.813333333333333,2024-09-01 06:00:00,2024-09-01 01:00:00,WODC,30.333,-98.133,1395,294.1352,297.74304,97129.94,0.47750854,0.10348511,0.26208496
20.850000000000005,2024-09-01 07:00:00,2024-09-01 02:00:00,WODC,30.333,-98.133,1395,294.1009,297.30322,97138.0,0.46237183,0.05255127,0.14535522
20.84583333333333,2024-09-01 08:00:00,2024-09-01 03:00:00,WODC,30.333,-98.133,1395,293.92664,296.4923,97123.875,0.21307373,0.114868164,0.13278198
20.94,2024-09-01 09:00:00,2024-09-01 04:00:00,WODC,30.333,-98.133,1395,293.8161,296.18945,97070.5,0.06417847,0.07928467,0.028839111
20.945000000000004,2024-09-01 10:00:00,2024-09-01 05:00:00,WODC,30.333,-98.133,1395,294.19617,296.11255,97081.94,0.32095337,0.1109314,0.046966553
16.69666666666667,2024-09-01 11:00:00,2024-09-01 06:00:00,WODC,30.333,-98.133,1395,294.20947,295.7398,97088.75,0.4480896,0.095336914,0.09744263
4.216666666666667,2024-09-01 12:00:00,2024-09-01 07:00:00,WODC,30.333,-98.133,1395,294.2163,295.4328,97116.875,0.70910645,0.038116455,0.08883667
0.0,2024-09-01 13:00:00,2024-09-01 08:00:00,WODC,30.333,-98.133,1395,294.70935,296.36182,97171.69,0.5705261,0.035125732,0.088134766
0.0,2024-09-01 14:00:00,2024-09-01 09:00:00,WODC,30.333,-98.133,1395,295.52338,298.82965,97242.44,0.22610474,0.044189453,0.11581421
0.0,2024-09-01 15:00:00,2024-09-01 10:00:00,WODC,30.333,-98.133,1395,295.39178,300.06213,97272.0,0.32839966,0.0134887695,0.04650879
0.0,2024-09-01 16:00:00,2024-09-01 11:00:00,WODC,30.333,-98.133,1395,294.89502,301.84375,97298.125,0.6576843,0.23440552,0.13418579
0.0,2024-09-01 17:00:00,2024-09-01 12:00:00,WODC,30.333,-98.133,1395,294.33142,302.76874,97286.94,0.0146484375,0.14953613,0.16070557
0.0,2024-09-01 18:00:00,2024-09-01 13:00:00,WODC,30.333,-98.133,1395,294.39612,304.1275,97222.375,0.011138916,0.21234131,0.20718384
0.0,2024-09-01 19:00:00,2024-09-01 14:00:00,WODC,30.333,-98.133,1395,294.0044,303.66467,97172.94,0.084869385,0.21652222,0.6374817
0.0,2024-09-01 20:00:00,2024-09-01 15:00:00,WODC,30.333,-98.133,1395,293.03003,304.34045,97055.06,0.09048462,0.2810974,0.23156738
0.0,2024-09-01 21:00:00,2024-09-01 16:00:00,WODC,30.333,-98.133,1395,293.14612,305.3313,96944.44,0.13674927,0.19229126,0.043273926
0.0,2024-09-01 22:00:00,2024-09-01 17:00:00,WODC,30.333,-98.133,1395,295.6422,302.25513,96932.81,0.50808716,0.58898926,0.12677002
0.0,2024-09-01 23:00:00,2024-09-01 18:00:00,WODC,30.333,-98.133,1395,295.62366,302.2224,96970.25,0.50268555,0.46740723,0.10461426
1.725,2024-09-02 00:00:00,2024-09-01 19:00:00,WODC,30.333,-98.133,1395,295.0691,302.39636,96952.5,0.4116516,0.29327393,0.08554077
14.973333333333334,2024-09-02 01:00:00,2024-09-01 20:00:00,WODC,30.333,-98.133,1395,294.81134,301.8109,97022.44,0.6676636,0.32141113,0.03302002
20.96333333333333,2024-09-02 02:00:00,2024-09-01 21:00:00,WODC,30.333,-98.133,1395,294.87787,300.4077,97079.06,0.8378601,0.38238525,0.035614014
20.854166666666664,2024-09-02 03:00:00,2024-09-01 22:00:00,WODC,30.333,-98.133,1395,295.0409,299.94934,97135.125,0.92092896,0.40930176,0.13793945
20.691666666666663,2024-09-02 04:00:00,2024-09-01 23:00:00,WODC,30.333,-98.133,1395,295.33972,299.58252,97207.06,0.89208984,0.3786316,0.18746948
20.864166666666662,2024-09-02 05:00:00,2024-09-02 00:00:00,WODC,30.333,-98.133,1395,295.40637,298.97095,97197.31,0.8157959,0.45910645,0.37750244
21.035,2024-09-02 06:00:00,2024-09-02 01:00:00,WODC,30.333,-98.133,1395,295.41083,298.89368,97175.375,0.79507446,0.43624878,0.40133667
20.5925,2024-09-02 07:00:00,2024-09-02 02:00:00,WODC,30.333,-98.133,1395,295.70654,298.3601,97197.0,0.84555054,0.81588745,1.0
20.36666666666667,2024-09-02 08:00:00,2024-09-02 03:00:00,WODC,30.333,-98.133,1395,295.5545,298.19043,97162.375,0.8960266,0.48672485,0.9036865
20.5925,2024-09-02 09:00:00,2024-09-02 04:00:00,WODC,30.333,-98.133,1395,295.8542,297.81012,97124.5,0.8988342,0.39083862,0.9073181
21.2325,2024-09-02 10:00:00,2024-09-02 05:00:00,WODC,30.333,-98.133,1395,295.14716,297.6754,97044.56,0.664032,0.3869934,0.63534546
17.32166666666667,2024-09-02 11:00:00,2024-09-02 06:00:00,WODC,30.333,-98.133,1395,295.70032,297.40265,97114.06,0.7698059,0.3501892,1.0
4.489166666666667,2024-09-02 12:00:00,2024-09-02 07:00:00,WODC,30.333,-98.133,1395,295.80054,297.07587,97160.75,0.89468384,0.42559814,1.0
0.0,2024-09-02 13:00:00,2024-09-02 08:00:00,WODC,30.333,-98.133,1395,296.03345,297.00232,97211.75,0.9302368,0.555603,1.0
0.0,2024-09-02 14:00:00,2024-09-02 09:00:00,WODC,30.333,-98.133,1395,296.37762,297.5631,97266.875,0.98721313,0.7711487,1.0
0.0,2024-09-02 15:00:00,2024-09-02 10:00:00,WODC,30.333,-98.133,1395,296.35016,298.78125,97315.125,0.9158325,0.65390015,1.0
0.0,2024-09-02 16:00:00,2024-09-02 11:00:00,WODC,30.333,-98.133,1395,296.09222,299.47888,97329.25,0.9809265,0.6072998,0.78778076
0.0,2024-09-02 17:00:00,2024-09-02 12:00:00,WODC,30.333,-98.133,1395,296.22662,300.36243,97279.125,1.0,0.48901367,0.40478516
0.0,2024-09-02 18:00:00,2024-09-02 13:00:00,WODC,30.333,-98.133,1395,296.41254,300.7046,97238.69,0.9644165,0.72320557,0.6114807
0.0,2024-09-02 19:00:00,2024-09-02 14:00:00,WODC,30.333,-98.133,1395,295.97058,302.0515,97184.875,0.91070557,1.0,0.7454529
0.0,2024-09-02 20:00:00,2024-09-02 15:00:00,WODC,30.333,-98.133,1395,295.19177,302.3247,97123.875,0.94488525,0.86413574,0.15090942
0.0,2024-09-02 21:00:00,2024-09-02 16:00:00,WODC,30.333,-98.133,1395,294.91138,302.53662,97092.75,0.8781128,0.9232788,0.18688965
0.0,2024-09-02 22:00:00,2024-09-02 17:00:00,WODC,30.333,-98.133,1395,295.4579,300.04663,96909.375,0.8692932,0.48303223,0.014404297
0.0,2024-09-02 23:00:00,2024-09-02 18:00:00,WODC,30.333,-98.133,1395,295.90027,298.04102,96998.69,0.80371094,0.60305786,0.23928833
3.7675,2024-09-03 00:00:00,2024-09-02 19:00:00,WODC,30.333,-98.133,1395,296.36072,297.79114,97027.125,0.61535645,0.7753296,0.25787354
15.795833333333334,2024-09-03 01:00:00,2024-09-02 20:00:00,WODC,30.333,-98.133,1395,296.7102,297.95557,97086.31,0.74279785,0.9814148,0.27304077
20.19083333333333,2024-09-03 02:00:00,2024-09-02 21:00:00,WODC,30.333,-98.133,1395,296.47205,297.9087,97145.94,0.8977356,0.62609863,0.4161682
20.41583333333333,2024-09-03 03:00:00,2024-09-02 22:00:00,WODC,30.333,-98.133,1395,296.3318,297.96338,97253.06,0.9972229,0.9382019,0.48684692
19.776666666666667,2024-09-03 04:00:00,2024-09-02 23:00:00,WODC,30.333,-98.133,1395,296.2256,297.69128,97288.81,1.0,0.73272705,0.4776001
19.79083333333333,2024-09-03 05:00:00,2024-09-03 00:00:00,WODC,30.333,-98.133,1395,295.94537,297.661,97260.31,1.0,0.8414917,0.46307373
19.82333333333333,2024-09-03 06:00:00,2024-09-03 01:00:00,WODC,30.333,-98.133,1395,295.85278,297.391,97234.31,0.9885864,0.8674927,0.4689026
20.049166666666668,2024-09-03 07:00:00,2024-09-03 02:00:00,WODC,30.333,-98.133,1395,295.88965,297.1494,97204.25,0.9888611,0.865448,0.23675537
20.2325,2024-09-03 08:00:00,2024-09-03 03:00:00,WODC,30.333,-98.133,1395,295.87958,296.9635,97155.94,0.9902344,0.79888916,0.18234253
20.275,2024-09-03 09:00:00,2024-09-03 04:00:00,WODC,30.333,-98.133,1395,295.69635,296.68542,97147.81,0.93582153,0.7936096,0.21395874
20.54083333333333,2024-09-03 10:00:00,2024-09-03 05:00:00,WODC,30.333,-98.133,1395,296.04114,296.56433,97133.875,0.62768555,0.48623657,0.9692993
16.75833333333333,2024-09-03 11:00:00,2024-09-03 06:00:00,WODC,30.333,-98.133,1395,295.95032,296.61816,97152.19,0.40701294,0.3357849,1.0
4.3566666666666665,2024-09-03 12:00:00,2024-09-03 07:00:00,WODC,30.333,-98.133,1395,295.898,296.5531,97196.5,0.3355713,0.4096985,0.8927002
0.0,2024-09-03 13:00:00,2024-09-03 08:00:00,WODC,30.333,-98.133,1395,295.95392,296.58868,97219.19,0.62631226,0.49627686,0.93310547
0.0,2024-09-03 14:00:00,2024-09-03 09:00:00,WODC,30.333,-98.133,1395,296.21637,296.93872,97222.19,0.67507935,0.394104,0.8866272
0.0,2024-09-03 15:00:00,2024-09-03 10:00:00,WODC,30.333,-98.133,1395,296.7995,297.57434,97265.625,0.899292,0.6767273,0.5029602
0.0,2024-09-03 16:00:00,2024-09-03 11:00:00,WODC,30.333,-98.133,1395,297.0324,298.34497,97318.375,0.9590454,0.81088257,0.8696289
0.0,2024-09-03 17:00:00,2024-09-03 12:00:00,WODC,30.333,-98.133,1395,297.41382,298.96313,97293.75,0.81604004,0.5652771,0.9846802
0.0,2024-09-03 18:00:00,2024-09-03 13:00:00,WODC,30.333,-98.133,1395,297.5498,299.8457,97283.875,0.90182495,0.59207153,1.0
0.0,2024-09-03 19:00:00,2024-09-03 14:00:00,WODC,30.333,-98.133,1395,296.88428,300.48254,97210.56,0.98049927,0.9428711,0.9437866
0.0,2024-09-03 20:00:00,2024-09-03 15:00:00,WODC,30.333,-98.133,1395,296.77155,300.1444,97151.25,0.996521,0.872345,0.7211914
0.0,2024-09-03 21:00:00,2024-09-03 16:00:00,WODC,30.333,-98.133,1395,296.76648,300.96118,97126.25,0.996521,0.4574585,0.5038147
0.0,2024-09-03 22:00:00,2024-09-03 17:00:00,WODC,30.333,-98.133,1395,296.89624,298.05872,97046.5,0.97439575,0.97906494,0.07434082
0.0,2024-09-03 23:00:00,2024-09-03 18:00:00,WODC,30.333,-98.133,1395,297.3899,298.5553,97092.69,0.9288635,0.9022827,0.13742065
8.165833333333333,2024-09-04 00:00:00,2024-09-03 19:00:00,WODC,30.333,-98.133,1395,296.5088,297.50696,97125.5,0.95184326,0.94766235,0.6328125
17.895833333333332,2024-09-04 01:00:00,2024-09-03 20:00:00,WODC,30.333,-98.133,1395,296.47522,297.05945,97212.125,0.98464966,0.89227295,0.84906006
19.98,2024-09-04 02:00:00,2024-09-03 21:00:00,WODC,30.333,-98.133,1395,296.0691,296.32532,97286.25,1.0,0.9985962,0.75613403
19.66583333333333,2024-09-04 03:00:00,2024-09-03 22:00:00,WODC,30.333,-98.133,1395,295.7854,295.89978,97383.19,1.0,0.996521,0.36083984
19.695833333333336,2024-09-04 04:00:00,2024-09-03 23:00:00,WODC,30.333,-98.133,1395,295.63696,295.69177,97413.06,0.9951172,0.9521179,0.23898315
19.87333333333333,2024-09-04 05:00:00,2024-09-04 00:00:00,WODC,30.333,-98.133,1395,295.33472,295.39807,97362.06,0.98791504,0.9314575,0.072784424
19.9875,2024-09-04 06:00:00,2024-09-04 01:00:00,WODC,30.333,-98.133,1395,295.06213,295.11633,97345.31,0.93255615,0.38168335,0.029296875
20.464166666666667,2024-09-04 07:00:00,2024-09-04 02:00:00,WODC,30.333,-98.133,1395,294.94202,295.0144,97282.69,0.93859863,0.63549805,0.03488159
20.31833333333333,2024-09-04 08:00:00,2024-09-04 03:00:00,WODC,30.333,-98.133,1395,294.7849,294.8567,97309.875,0.69091797,0.940094,0.095581055
20.71583333333333,2024-09-04 09:00:00,2024-09-04 04:00:00,WODC,30.333,-98.133,1395,294.6772,294.72412,97276.19,0.2718811,0.7105713,0.08718872
20.94,2024-09-04 10:00:00,2024-09-04 05:00:00,WODC,30.333,-98.133,1395,294.5448,294.79382,97305.625,0.46792603,1.0,0.2668152
17.685833333333335,2024-09-04 11:00:00,2024-09-04 06:00:00,WODC,30.333,-98.133,1395,294.7453,295.0807,97307.94,0.33947754,1.0,0.30889893
5.870833333333334,2024-09-04 12:00:00,2024-09-04 07:00:00,WODC,30.333,-98.133,1395,294.9054,295.2798,97379.125,0.123687744,1.0,0.49118042
0.0,2024-09-04 13:00:00,2024-09-04 08:00:00,WODC,30.333,-98.133,1395,294.9975,295.45636,97413.56,0.042297363,0.9143982,0.9498291
0.0,2024-09-04 14:00:00,2024-09-04 09:00:00,WODC,30.333,-98.133,1395,295.11926,295.79077,97477.875,0.004180908,0.7793579,0.9985962
0.0,2024-09-04 15:00:00,2024-09-04 10:00:00,WODC,30.333,-98.133,1395,295.36707,296.80566,97501.375,0.008605957,0.7570801,1.0
0.0,2024-09-04 16:00:00,2024-09-04 11:00:00,WODC,30.333,-98.133,1395,295.4972,297.5852,97519.56,0.070495605,0.79122925,0.95391846
0.0,2024-09-04 17:00:00,2024-09-04 12:00:00,WODC,30.333,-98.133,1395,295.83313,299.13806,97522.25,0.049316406,0.9093323,0.7459717
0.0,2024-09-04 18:00:00,2024-09-04 13:00:00,WODC,30.333,-98.133,1395,295.97827,300.03784,97483.5,0.19168091,0.9651489,0.6708374
0.0,2024-09-04 19:00:00,2024-09-04 14:00:00,WODC,30.333,-98.133,1395,295.91626,300.41968,97436.625,0.19934082,0.89559937,0.5554199
0.0,2024-09-04 20:00:00,2024-09-04 15:00:00,WODC,30.333,-98.133,1395,295.7058,300.96716,97364.44,0.24282837,0.57821655,0.2328186
0.0,2024-09-04 21:00:00,2024-09-04 16:00:00,WODC,30.333,-98.133,1395,295.84204,300.44568,97332.375,0.20004272,0.5067749,0.26138306
0.0,2024-09-04 22:00:00,2024-09-04 17:00:00,WODC,30.333,-98.133,1395,295.35486,300.1543,97332.69,0.49960327,0.8317261,0.08251953
0.0,2024-09-04 23:00:00,2024-09-04 18:00:00,WODC,30.333,-98.133,1395,294.6781,299.93457,97277.69,0.24841309,0.6881714,0.116241455
2.3341666666666665,2024-09-05 00:00:00,2024-09-04 19:00:00,WODC,30.333,-98.133,1395,295.0421,299.49084,97307.375,0.09701538,0.4807129,0.052093506
15.441666666666668,2024-09-05 01:00:00,2024-09-04 20:00:00,WODC,30.333,-98.133,1395,294.6316,298.69507,97339.81,0.08560181,0.39697266,0.0848999
20.75333333333333,2024-09-05 02:00:00,2024-09-04 21:00:00,WODC,30.333,-98.133,1395,294.02795,297.52588,97375.125,0.09210205,0.28811646,0.058380127
20.799166666666665,2024-09-05 03:00:00,2024-09-04 22:00:00,WODC,30.333,-98.133,1395,293.70935,297.30103,97468.875,0.038391113,0.20742798,0.100494385
20.78083333333333,2024-09-05 04:00:00,2024-09-04 23:00:00,WODC,30.333,-98.133,1395,293.53564,297.02832,97533.625,0.05328369,0.062561035,0.11816406
20.921666666666667,2024-09-05 05:00:00,2024-09-05 00:00:00,WODC,30.333,-98.133,1395,293.1106,296.84265,97511.25,0.022338867,0.06347656,0.068359375
20.929166666666667,2024-09-05 06:00:00,2024-09-05 01:00:00,WODC,30.333,-98.133,1395,292.6941,296.1902,97520.94,0.04815674,0.072784424,0.1348877
21.035833333333333,2024-09-05 07:00:00,2024-09-05 02:00:00,WODC,30.333,-98.133,1395,292.59717,296.06506,97460.69,0.07910156,0.029754639,0.15234375
21.020833333333336,2024-09-05 08:00:00,2024-09-05 03:00:00,WODC,30.333,-98.133,1395,292.5763,295.75842,97443.19,0.084198,0.05001831,0.63464355
21.1825,2024-09-05 09:00:00,2024-09-05 04:00:00,WODC,30.333,-98.133,1395,292.44763,295.3932,97412.5,0.111450195,0.13235474,0.9958191
21.551666666666662,2024-09-05 10:00:00,2024-09-05 05:00:00,WODC,30.333,-98.133,1395,293.3479,295.1139,97387.31,0.015350342,0.08557129,1.0
17.535833333333333,2024-09-05 11:00:00,2024-09-05 06:00:00,WODC,30.333,-98.133,1395,293.4193,295.12207,97421.06,0.004180908,0.08557129,1.0
5.105,2024-09-05 12:00:00,2024-09-05 07:00:00,WODC,30.333,-98.133,1395,293.54736,295.16028,97438.81,0.0,0.2520752,1.0
0.0,2024-09-05 13:00:00,2024-09-05 08:00:00,WODC,30.333,-98.133,1395,293.73523,295.57397,97424.625,0.015350342,0.19003296,1.0
0.0,2024-09-05 14:00:00,2024-09-05 09:00:00,WODC,30.333,-98.133,1395,294.00647,296.51306,97477.56,0.005126953,0.27792358,1.0
0.0,2024-09-05 15:00:00,2024-09-05 10:00:00,WODC,30.333,-98.133,1395,294.50208,297.18115,97492.375,0.005126953,0.19839478,1.0
0.0,2024-09-05 16:00:00,2024-09-05 11:00:00,WODC,30.333,-98.133,1395,294.59943,297.6737,97530.125,0.0,0.12322998,1.0
0.0,2024-09-05 17:00:00,2024-09-05 12:00:00,WODC,30.333,-98.133,1395,294.76385,298.34302,97553.125,0.0,0.31433105,1.0
0.0,2024-09-05 18:00:00,2024-09-05 13:00:00,WODC,30.333,-98.133,1395,294.68182,298.61646,97479.75,0.0,0.36663818,0.8617859
0.0,2024-09-05 19:00:00,2024-09-05 14:00:00,WODC,30.333,-98.133,1395,295.4881,298.80566,97447.81,0.009765625,0.49325562,0.5948181
0.0,2024-09-05 20:00:00,2024-09-05 15:00:00,WODC,30.333,-98.133,1395,296.45013,301.18555,97396.94,0.013946533,0.39675903,0.56274414
0.0,2024-09-05 21:00:00,2024-09-05 16:00:00,WODC,30.333,-98.133,1395,295.52472,302.67773,97355.875,0.031829834,0.34561157,0.38711548
0.0,2024-09-05 22:00:00,2024-09-05 17:00:00,WODC,30.333,-98.133,1395,295.5932,301.2622,97292.25,0.72232056,0.69918823,0.21511841
0.0,2024-09-05 23:00:00,2024-09-05 18:00:00,WODC,30.333,-98.133,1395,294.86584,301.63477,97256.19,0.36102295,0.23254395,0.052581787
2.9249999999999994,2024-09-06 00:00:00,2024-09-05 19:00:00,WODC,30.333,-98.133,1395,294.87537,301.1723,97285.69,0.18078613,0.58877563,0.01071167
16.081666666666667,2024-09-06 01:00:00,2024-09-05 20:00:00,WODC,30.333,-98.133,1395,294.97894,299.73425,97318.5,0.037231445,0.5211487,0.04650879
20.1425,2024-09-06 02:00:00,2024-09-05 21:00:00,WODC,30.333,-98.133,1395,295.30664,298.52643,97316.44,0.0,0.302063,0.07022095
20.570833333333336,2024-09-06 03:00:00,2024-09-05 22:00:00,WODC,30.333,-98.133,1395,295.49725,298.27405,97368.125,0.0,0.20697021,0.087890625
20.674166666666665,2024-09-06 04:00:00,2024-09-05 23:00:00,WODC,30.333,-98.133,1395,295.37128,297.6999,97374.19,0.0,0.18789673,0.05230713
20.769166666666667,2024-09-06 05:00:00,2024-09-06 00:00:00,WODC,30.333,-98.133,1395,295.2624,297.14105,97353.81,0.0,0.14837646,0.015350342
20.749166666666664,2024-09-06 06:00:00,2024-09-06 01:00:00,WODC,30.333,-98.133,1395,295.1333,296.67078,97361.875,0.0,0.17303467,0.0
20.840833333333336,2024-09-06 07:00:00,2024-09-06 02:00:00,WODC,30.333,-98.133,1395,295.2215,296.50397,97325.44,0.0,0.107910156,0.0
20.916666666666668,2024-09-06 08:00:00,2024-09-06 03:00:00,WODC,30.333,-98.133,1395,295.0244,296.15582,97310.375,0.0,0.21234131,0.010009766
21.06083333333333,2024-09-06 09:00:00,2024-09-06 04:00:00,WODC,30.333,-98.133,1395,294.9458,296.0398,97283.44,0.0,0.08023071,0.04559326
21.18,2024-09-06 10:00:00,2024-09-06 05:00:00,WODC,30.333,-98.133,1395,294.84274,295.61603,97249.94,0.0,0.053710938,0.14419556
17.5525,2024-09-06 11:00:00,2024-09-06 06:00:00,WODC,30.333,-98.133,1395,294.80084,295.48688,97272.69,0.0,0.06442261,0.15863037
3.92,2024-09-06 12:00:00,2024-09-06 07:00:00,WODC,30.333,-98.133,1395,294.76886,295.48486,97310.375,0.0,0.025115967,0.22744751
0.0,2024-09-06 13:00:00,2024-09-06 08:00:00,WODC,30.333,-98.133,1395,294.8431,295.67902,97329.81,0.0,0.022338867,0.7894592
0.0,2024-09-06 14:00:00,2024-09-06 09:00:00,WODC,30.333,-98.133,1395,294.7725,297.0094,97383.875,0.0,0.005126953,0.4894104
0.0,2024-09-06 15:00:00,2024-09-06 10:00:00,WODC,30.333,-98.133,1395,294.72675,298.17596,97379.875,0.0,0.038848877,0.43484497
0.0,2024-09-06 16:00:00,2024-09-06 11:00:00,WODC,30.333,-98.133,1395,294.6482,299.70062,97415.625,0.0,0.06536865,0.29067993
0.0,2024-09-06 17:00:00,2024-09-06 12:00:00,WODC,30.333,-98.133,1395,294.48175,300.93732,97432.31,0.0,0.09140015,0.6048584
0.0,2024-09-06 18:00:00,2024-09-06 13:00:00,WODC,30.333,-98.133,1395,294.4273,301.8946,97378.19,0.0,0.16931152,0.28881836
0.0,2024-09-06 19:00:00,2024-09-06 14:00:00,WODC,30.333,-98.133,1395,294.26263,303.0813,97359.81,0.0,0.3118286,0.12905884
0.0,2024-09-06 20:00:00,2024-09-06 15:00:00,WODC,30.333,-98.133,1395,293.69873,304.09436,97302.19,0.0014038086,0.25045776,0.13183594
0.0,2024-09-06 21:00:00,2024-09-06 16:00:00,WODC,30.333,-98.133,1395,293.45813,304.34985,97240.94,0.0014038086,0.22372437,0.11416626
0.0,2024-09-06 22:00:00,2024-09-06 17:00:00,WODC,30.333,-98.133,1395,293.09546,302.9491,97179.0,0.42422485,0.5060425,0.050689697
0.0,2024-09-06 23:00:00,2024-09-06 18:00:00,WODC,30.333,-98.133,1395,292.98584,303.67566,97158.75,0.0,0.30096436,0.048858643
3.5591666666666666,2024-09-07 00:00:00,2024-09-06 19:00:00,WODC,30.333,-98.133,1395,293.0487,303.526,97164.875,0.0,0.30654907,0.047454834
16.03333333333333,2024-09-07 01:00:00,2024-09-06 20:00:00,WODC,30.333,-98.133,1395,292.77625,302.31152,97216.69,0.0,0.31585693,0.18051147
20.57833333333333,2024-09-07 02:00:00,2024-09-06 21:00:00,WODC,30.333,-98.133,1395,292.48987,300.1775,97252.875,0.0,0.2348938,0.17791748
20.61666666666667,2024-09-07 03:00:00,2024-09-06 22:00:00,WODC,30.333,-98.133,1395,292.33392,299.30927,97297.375,0.0,0.16629028,0.03277588
20.61833333333333,2024-09-07 04:00:00,2024-09-06 23:00:00,WODC,30.333,-98.133,1395,292.41687,298.57983,97309.44,0.0,0.11999512,0.0
20.6825,2024-09-07 05:00:00,2024-09-07 00:00:00,WODC,30.333,-98.133,1395,292.46014,296.86646,97342.25,0.0,0.086761475,0.0048828125
20.76083333333333,2024-09-07 06:00:00,2024-09-07 01:00:00,WODC,30.333,-98.133,1395,292.36514,295.55444,97372.0,0.0,0.047210693,0.0
20.816666666666663,2024-09-07 07:00:00,2024-09-07 02:00:00,WODC,30.333,-98.133,1395,292.65305,295.18762,97394.31,0.0,0.04348755,0.0014038086
20.8475,2024-09-07 08:00:00,2024-09-07 03:00:00,WODC,30.333,-98.133,1395,292.418,294.2815,97382.44,0.0,0.02999878,0.01651001
20.87833333333333,2024-09-07 09:00:00,2024-09-07 04:00:00,WODC,30.333,-98.133,1395,292.43695,294.16455,97348.81,0.0,0.0027770996,0.0
20.817500000000003,2024-09-07 10:00:00,2024-09-07 05:00:00,WODC,30.333,-98.133,1395,292.81482,293.9292,97348.44,0.0,0.010009766,0.0
17.253333333333334,2024-09-07 11:00:00,2024-09-07 06:00:00,WODC,30.333,-98.133,1395,292.8416,293.90112,97353.56,0.0,0.021392822,0.0
4.426666666666667,2024-09-07 12:00:00,2024-09-07 07:00:00,WODC,30.333,-98.133,1395,292.84534,293.91046,97358.75,0.0,0.01373291,0.0
0.0,2024-09-07 13:00:00,2024-09-07 08:00:00,WODC,30.333,-98.133,1395,292.6059,294.91144,97415.69,0.0,0.028839111,0.019989014
0.0,2024-09-07 14:00:00,2024-09-07 09:00:00,WODC,30.333,-98.133,1395,292.14746,297.08374,97485.375,0.0,0.003479004,0.043273926
0.0,2024-09-07 15:00:00,2024-09-07 10:00:00,WODC,30.333,-98.133,1395,291.28418,298.18573,97519.625,0.0,0.0,0.14212036
0.0,2024-09-07 16:00:00,2024-09-07 11:00:00,WODC,30.333,-98.133,1395,290.79175,299.09497,97520.44,0.0,0.0,0.0
0.0,2024-09-07 17:00:00,2024-09-07 12:00:00,WODC,30.333,-98.133,1395,290.11206,300.87952,97502.125,0.0,0.0,0.010223389
0.0,2024-09-07 18:00:00,2024-09-07 13:00:00,WODC,30.333,-98.133,1395,289.00146,302.09827,97435.625,0.0,0.0,0.025604248
0.0,2024-09-07 19:00:00,2024-09-07 14:00:00,WODC,30.333,-98.133,1395,287.4104,303.13513,97394.75,0.0,0.0,0.0
0.0,2024-09-07 20:00:00,2024-09-07 15:00:00,WODC,30.333,-98.133,1395,286.28955,303.84436,97335.75,0.0,0.0,0.0
0.0,2024-09-07 21:00:00,2024-09-07 16:00:00,WODC,30.333,-98.133,1395,285.4807,304.13904,97265.56,0.0,0.0,0.0
0.0,2024-09-07 22:00:00,2024-09-07 17:00:00,WODC,30.333,-98.133,1395,285.2295,303.40137,97189.75,0.0,0.0065307617,0.0
0.0,2024-09-07 23:00:00,2024-09-07 18:00:00,WODC,30.333,-98.133,1395,285.5271,302.6681,97222.125,0.0,0.035339355,0.0014038086
3.595,2024-09-08 00:00:00,2024-09-07 19:00:00,WODC,30.333,-98.133,1395,285.89355,301.65454,97226.875,0.0,0.018371582,0.003479004
16.243333333333332,2024-09-08 01:00:00,2024-09-07 20:00:00,WODC,30.333,-98.133,1395,285.88794,300.48956,97293.19,0.0,0.0,0.0
20.655833333333334,2024-09-08 02:00:00,2024-09-07 21:00:00,WODC,30.333,-98.133,1395,286.4447,298.23254,97339.81,0.0,0.0,0.0
20.69583333333333,2024-09-08 03:00:00,2024-09-07 22:00:00,WODC,30.333,-98.133,1395,286.3871,297.2008,97377.81,0.0,0.0,0.0
20.699166666666667,2024-09-08 04:00:00,2024-09-07 23:00:00,WODC,30.333,-98.133,1395,286.42932,296.39124,97393.375,0.0,0.0,0.0
20.734166666666663,2024-09-08 05:00:00,2024-09-08 00:00:00,WODC,30.333,-98.133,1395,286.19727,294.19116,97396.875,0.0,0.0,0.0
20.73333333333333,2024-09-08 06:00:00,2024-09-08 01:00:00,WODC,30.333,-98.133,1395,285.95203,293.53625,97395.0,0.0,0.0,0.0
20.78333333333333,2024-09-08 07:00:00,2024-09-08 02:00:00,WODC,30.333,-98.133,1395,285.74084,292.54407,97414.875,0.0,0.0,0.0
20.835,2024-09-08 08:00:00,2024-09-08 03:00:00,WODC,30.333,-98.133,1395,285.39624,291.51318,97407.81,0.0,0.0,0.0
20.8725,2024-09-08 09:00:00,2024-09-08 04:00:00,WODC,30.333,-98.133,1395,285.0641,290.95093,97388.44,0.0,0.0,0.0
20.850000000000005,2024-09-08 10:00:00,2024-09-08 05:00:00,WODC,30.333,-98.133,1395,285.95386,290.016,97397.375,0.0,0.0,0.0
17.315833333333334,2024-09-08 11:00:00,2024-09-08 06:00:00,WODC,30.333,-98.133,1395,285.56116,289.537,97456.81,0.0,0.0,0.0
4.961666666666667,2024-09-08 12:00:00,2024-09-08 07:00:00,WODC,30.333,-98.133,1395,285.4485,289.57935,97498.56,0.0,0.0,0.0
0.0,2024-09-08 13:00:00,2024-09-08 08:00:00,WODC,30.333,-98.133,1395,285.58594,290.20032,97551.375,0.0,0.0,0.0
0.0,2024-09-08 14:00:00,2024-09-08 09:00:00,WODC,30.333,-98.133,1395,285.93274,293.44556,97593.5,0.0,0.0,0.0
0.0,2024-09-08 15:00:00,2024-09-08 10:00:00,WODC,30.333,-98.133,1395,285.69897,295.03125,97618.125,0.0,0.0,0.0
0.0,2024-09-08 16:00:00,2024-09-08 11:00:00,WODC,30.333,-98.133,1395,285.12695,296.61987,97623.06,0.0,0.0,0.0
0.0,2024-09-08 17:00:00,2024-09-08 12:00:00,WODC,30.333,-98.133,1395,284.40356,298.48608,97584.56,0.0,0.0,0.0
0.0,2024-09-08 18:00:00,2024-09-08 13:00:00,WODC,30.333,-98.133,1395,283.97144,299.3872,97526.56,0.0,0.0,0.0
0.0,2024-09-08 19:00:00,2024-09-08 14:00:00,WODC,30.333,-98.133,1395,283.51074,300.1598,97452.625,0.0,0.0,0.0
0.0,2024-09-08 20:00:00,2024-09-08 15:00:00,WODC,30.333,-98.133,1395,282.71387,301.04187,97390.31,0.0,0.0,0.0
0.0,2024-09-08 21:00:00,2024-09-08 16:00:00,WODC,30.333,-98.133,1395,281.9746,301.52014,97318.44,0.0,0.0,0.0
0.0,2024-09-08 22:00:00,2024-09-08 17:00:00,WODC,30.333,-98.133,1395,281.417,301.2378,97278.31,0.0,0.0,0.0
0.0,2024-09-08 23:00:00,2024-09-08 18:00:00,WODC,30.333,-98.133,1395,280.68726,300.94238,97258.875,0.0,0.0,0.0
4.1875,2024-09-09 00:00:00,2024-09-08 19:00:00,WODC,30.333,-98.133,1395,281.26123,300.02747,97262.81,0.0,0.0,0.0
16.508333333333333,2024-09-09 01:00:00,2024-09-08 20:00:00,WODC,30.333,-98.133,1395,281.34888,297.146,97323.31,0.0,0.0,0.0
20.566666666666663,2024-09-09 02:00:00,2024-09-08 21:00:00,WODC,30.333,-98.133,1395,281.69702,294.51086,97371.19,0.0,0.0,0.0
20.63083333333333,2024-09-09 03:00:00,2024-09-08 22:00:00,WODC,30.333,-98.133,1395,281.74585,293.40295,97438.44,0.0,0.0,0.0
20.667500000000004,2024-09-09 04:00:00,2024-09-08 23:00:00,WODC,30.333,-98.133,1395,281.8069,292.45898,97507.125,0.0,0.0,0.0
20.694166666666668,2024-09-09 05:00:00,2024-09-09 00:00:00,WODC,30.333,-98.133,1395,282.0957,290.6892,97522.56,0.0,0.0,0.0
20.739166666666662,2024-09-09 06:00:00,2024-09-09 01:00:00,WODC,30.333,-98.133,1395,282.01025,289.985,97538.31,0.0,0.0,0.0
20.795,2024-09-09 07:00:00,2024-09-09 02:00:00,WODC,30.333,-98.133,1395,281.96753,289.40015,97508.625,0.0,0.0,0.0
20.84,2024-09-09 08:00:00,2024-09-09 03:00:00,WODC,30.333,-98.133,1395,281.82227,288.41418,97504.19,0.0,0.0,0.0
20.8425,2024-09-09 09:00:00,2024-09-09 04:00:00,WODC,30.333,-98.133,1395,281.71008,288.364,97455.25,0.0,0.0,0.0
20.80666666666667,2024-09-09 10:00:00,2024-09-09 05:00:00,WODC,30.333,-98.133,1395,282.19324,287.1897,97497.375,0.0,0.0,0.0
17.4475,2024-09-09 11:00:00,2024-09-09 06:00:00,WODC,30.333,-98.133,1395,282.2008,286.74194,97544.19,0.0,0.0,0.0
5.025,2024-09-09 12:00:00,2024-09-09 07:00:00,WODC,30.333,-98.133,1395,282.23633,286.6394,97537.69,0.0,0.0,0.0
0.0,2024-09-09 13:00:00,2024-09-09 08:00:00,WODC,30.333,-98.133,1395,282.9005,288.19568,97600.31,0.0,0.0,0.0
0.0,2024-09-09 14:00:00,2024-09-09 09:00:00,WODC,30.333,-98.133,1395,283.8122,292.39404,97675.75,0.0,0.0,0.0
0.0,2024-09-09 15:00:00,2024-09-09 10:00:00,WODC,30.333,-98.133,1395,283.96484,294.62036,97677.81,0.0,0.010223389,0.0
0.0,2024-09-09 16:00:00,2024-09-09 11:00:00,WODC,30.333,-98.133,1395,282.787,296.26123,97683.56,0.0,0.08004761,0.0
0.0,2024-09-09 17:00:00,2024-09-09 12:00:00,WODC,30.333,-98.133,1395,282.08203,297.99585,97621.125,0.0,0.120269775,0.0
0.0,2024-09-09 18:00:00,2024-09-09 13:00:00,WODC,30.333,-98.133,1395,281.80347,299.25037,97569.06,0.0,0.13562012,0.0
0.0,2024-09-09 19:00:00,2024-09-09 14:00:00,WODC,30.333,-98.133,1395,281.5901,300.5193,97483.75,0.0,0.190979,0.0
0.0,2024-09-09 20:00:00,2024-09-09 15:00:00,WODC,30.333,-98.133,1395,281.66577,301.79236,97445.06,0.0,0.2267456,0.0
0.0,2024-09-09 21:00:00,2024-09-09 16:00:00,WODC,30.333,-98.133,1395,281.62036,302.25037,97347.94,0.0,0.16235352,0.0
0.0,2024-09-09 22:00:00,2024-09-09 17:00:00,WODC,30.333,-98.133,1395,281.83838,301.90564,97284.5,0.0,0.1390686,0.0
0.0,2024-09-09 23:00:00,2024-09-09 18:00:00,WODC,30.333,-98.133,1395,281.5381,301.62317,97257.81,0.0,0.26193237,0.0
4.269166666666666,2024-09-10 00:00:00,2024-09-09 19:00:00,WODC,30.333,-98.133,1395,284.61084,300.5282,97241.81,0.0,0.22262573,0.0
16.510833333333334,2024-09-10 01:00:00,2024-09-09 20:00:00,WODC,30.333,-98.133,1395,283.59375,298.80737,97283.25,0.0,0.3551941,0.008605957
20.03833333333333,2024-09-10 02:00:00,2024-09-09 21:00:00,WODC,30.333,-98.133,1395,283.02563,296.3152,97306.19,0.0,0.69854736,0.044891357
20.386666666666667,2024-09-10 03:00:00,2024-09-09 22:00:00,WODC,30.333,-98.133,1395,282.38843,294.74976,97345.125,0.0,0.40203857,0.0065307617
20.3275,2024-09-10 04:00:00,2024-09-09 23:00:00,WODC,30.333,-98.133,1395,282.14087,294.26343,97363.0,0.0,0.17163086,0.0
20.475833333333338,2024-09-10 05:00:00,2024-09-10 00:00:00,WODC,30.333,-98.133,1395,281.86206,292.8916,97321.75,0.0,0.086517334,0.0
20.6475,2024-09-10 06:00:00,2024-09-10 01:00:00,WODC,30.333,-98.133,1395,281.78198,291.95142,97295.625,0.0,0.04837036,0.0
20.835000000000004,2024-09-10 07:00:00,2024-09-10 02:00:00,WODC,30.333,-98.133,1395,282.0515,291.72803,97261.19,0.0,0.0390625,0.0
20.9375,2024-09-10 08:00:00,2024-09-10 03:00:00,WODC,30.333,-98.133,1395,281.95972,291.04443,97244.625,0.005126953,0.04675293,0.042816162
20.905,2024-09-10 09:00:00,2024-09-10 04:00:00,WODC,30.333,-98.133,1395,281.87695,290.44385,97211.44,0.047912598,0.09094238,0.10513306
20.8575,2024-09-10 10:00:00,2024-09-10 05:00:00,WODC,30.333,-98.133,1395,283.0254,289.81592,97205.19,0.03768921,0.096069336,0.093048096
17.744166666666665,2024-09-10 11:00:00,2024-09-10 06:00:00,WODC,30.333,-98.133,1395,283.03955,289.458,97222.44,0.018859863,0.054870605,0.07562256
5.260833333333333,2024-09-10 12:00:00,2024-09-10 07:00:00,WODC,30.333,-98.133,1395,283.167,289.04272,97210.0,0.0,0.010223389,0.025817871
0.0,2024-09-10 13:00:00,2024-09-10 08:00:00,WODC,30.333,-98.133,1395,283.58765,289.54736,97208.56,0.0,0.0,0.010223389
0.0,2024-09-10 14:00:00,2024-09-10 09:00:00,WODC,30.333,-98.133,1395,284.8246,293.76538,97250.69,0.0,0.0,0.005126953
0.0,2024-09-10 15:00:00,2024-09-10 10:00:00,WODC,30.333,-98.133,1395,285.35632,296.62415,97259.875,0.0,0.0,0.0335083
0.0,2024-09-10 16:00:00,2024-09-10 11:00:00,WODC,30.333,-98.133,1395,286.4402,298.5454,97254.625,0.0,0.0,0.1156311
0.0,2024-09-10 17:00:00,2024-09-10 12:00:00,WODC,30.333,-98.133,1395,287.96777,300.68005,97233.31,0.0,0.0,0.0664978
0.0,2024-09-10 18:00:00,2024-09-10 13:00:00,WODC,30.333,-98.133,1395,289.56348,301.9485,97143.06,0.0,0.0,0.022766113
0.0,2024-09-10 19:00:00,2024-09-10 14:00:00,WODC,30.333,-98.133,1395,289.60693,302.50647,97059.81,0.0,0.030700684,0.047210693
0.0,2024-09-10 20:00:00,2024-09-10 15:00:00,WODC,30.333,-98.133,1395,289.53857,303.41333,96989.5,0.0,0.63952637,0.70477295
0.0,2024-09-10 21:00:00,2024-09-10 16:00:00,WODC,30.333,-98.133,1395,289.54907,303.60815,96893.06,0.0,0.98257446,0.86157227
0.0,2024-09-10 22:00:00,2024-09-10 17:00:00,WODC,30.333,-98.133,1395,290.23804,303.42102,96839.31,0.0,0.97906494,0.9916382
0.0,2024-09-10 23:00:00,2024-09-10 18:00:00,WODC,30.333,-98.133,1395,290.79053,303.16516,96825.31,0.0,0.8053894,0.5782776
3.7883333333333336,2024-09-11 00:00:00,2024-09-10 19:00:00,WODC,30.333,-98.133,1395,291.1985,302.17297,96803.44,0.0,0.55337524,0.07678223
16.84,2024-09-11 01:00:00,2024-09-10 20:00:00,WODC,30.333,-98.133,1395,290.73657,300.83215,96827.94,0.0,0.45217896,0.13122559
20.058333333333334,2024-09-11 02:00:00,2024-09-10 21:00:00,WODC,30.333,-98.133,1395,290.64087,299.6809,96833.0,0.0,0.40203857,0.0
20.305,2024-09-11 03:00:00,2024-09-10 22:00:00,WODC,30.333,-98.133,1395,290.17114,299.61475,96860.06,0.0,0.22561646,0.0
20.462499999999995,2024-09-11 04:00:00,2024-09-10 23:00:00,WODC,30.333,-98.133,1395,290.02417,298.95422,96883.125,0.0,0.06628418,0.029083252
20.7825,2024-09-11 05:00:00,2024-09-11 00:00:00,WODC,30.333,-98.133,1395,290.2268,297.28467,96877.44,0.0,0.0,0.003479004
20.87,2024-09-11 06:00:00,2024-09-11 01:00:00,WODC,30.333,-98.133,1395,291.0227,296.10498,96867.44,0.0,0.0027770996,0.02230835
21.000833333333333,2024-09-11 07:00:00,2024-09-11 02:00:00,WODC,30.333,-98.133,1395,292.0476,295.90625,96825.375,0.0,0.0,0.11584473
19.6175,2024-09-11 08:00:00,2024-09-11 03:00:00,WODC,30.333,-98.133,1395,292.61572,294.9862,96830.625,0.0,0.004180908,0.37393188
21.403333333333336,2024-09-11 09:00:00,2024-09-11 04:00:00,WODC,30.333,-98.133,1395,293.05957,294.97278,96820.125,0.0,0.013946533,0.88778687
21.034166666666668,2024-09-11 10:00:00,2024-09-11 05:00:00,WODC,30.333,-98.133,1395,293.55444,294.64734,96839.5,0.0,0.074401855,1.0
17.775,2024-09-11 11:00:00,2024-09-11 06:00:00,WODC,30.333,-98.133,1395,293.6277,294.65186,96834.81,0.0,0.07324219,1.0
4.6258333333333335,2024-09-11 12:00:00,2024-09-11 07:00:00,WODC,30.333,-98.133,1395,293.74,294.50708,96855.25,0.0,0.055358887,0.9670105
0.0,2024-09-11 13:00:00,2024-09-11 08:00:00,WODC,30.333,-98.133,1395,293.80115,294.86792,96877.06,0.0,0.024169922,0.97631836
0.0,2024-09-11 14:00:00,2024-09-11 09:00:00,WODC,30.333,-98.133,1395,293.92114,296.08936,96889.625,0.0,0.03277588,0.81674194
0.0,2024-09-11 15:00:00,2024-09-11 10:00:00,WODC,30.333,-98.133,1395,293.52472,297.01086,96865.875,0.0,0.0,0.28555298
0.0,2024-09-11 16:00:00,2024-09-11 11:00:00,WODC,30.333,-98.133,1395,293.3216,298.26172,96889.94,0.0,0.0,0.1897583
0.0,2024-09-11 17:00:00,2024-09-11 12:00:00,WODC,30.333,-98.133,1395,293.7976,300.92004,96854.25,0.0,0.0,0.07583618
0.0,2024-09-11 18:00:00,2024-09-11 13:00:00,WODC,30.333,-98.133,1395,293.1775,302.39893,96821.75,0.0,0.051208496,0.24209595
0.0,2024-09-11 19:00:00,2024-09-11 14:00:00,WODC,30.333,-98.133,1395,292.7898,303.0741,96734.06,0.0,0.17700195,0.2177124
0.0,2024-09-11 20:00:00,2024-09-11 15:00:00,WODC,30.333,-98.133,1395,291.7229,304.0387,96664.5,0.0,0.11721802,0.16467285
0.0,2024-09-11 21:00:00,2024-09-11 16:00:00,WODC,30.333,-98.133,1395,290.90723,304.01892,96606.19,0.0,0.079315186,0.2190857
0.0,2024-09-11 22:00:00,2024-09-11 17:00:00,WODC,30.333,-98.133,1395,289.14026,304.3567,96543.94,0.0,0.027435303,0.14349365
0.0,2024-09-11 23:00:00,2024-09-11 18:00:00,WODC,30.333,-98.133,1395,288.5924,304.19727,96530.25,0.0,0.01184082,0.0
4.439166666666666,2024-09-12 00:00:00,2024-09-11 19:00:00,WODC,30.333,-98.133,1395,289.45703,303.03394,96507.125,0.0,0.006958008,0.005126953
16.931666666666665,2024-09-12 01:00:00,2024-09-11 20:00:00,WODC,30.333,-98.133,1395,289.6405,300.50244,96533.94,0.0,0.0,0.0
19.92,2024-09-12 02:00:00,2024-09-11 21:00:00,WODC,30.333,-98.133,1395,289.807,298.13342,96584.44,0.0,0.009307861,0.012084961
20.009166666666665,2024-09-12 03:00:00,2024-09-11 22:00:00,WODC,30.333,-98.133,1395,290.24902,297.70654,96634.81,0.0,0.007904053,0.0065307617
20.1725,2024-09-12 04:00:00,2024-09-11 23:00:00,WODC,30.333,-98.133,1395,291.1748,296.6339,96698.06,0.0,0.017211914,0.026062012
20.489166666666662,2024-09-12 05:00:00,2024-09-12 00:00:00,WODC,30.333,-98.133,1395,292.05542,295.30615,96686.81,0.0,0.0065307617,0.0
20.8525,2024-09-12 06:00:00,2024-09-12 01:00:00,WODC,30.333,-98.133,1395,292.50818,294.71216,96654.31,0.0,0.0,0.0
21.0225,2024-09-12 07:00:00,2024-09-12 02:00:00,WODC,30.333,-98.133,1395,292.68237,294.35706,96652.44,0.0,0.0,0.0
21.34,2024-09-12 08:00:00,2024-09-12 03:00:00,WODC,30.333,-98.133,1395,292.6206,293.87378,96633.44,0.0,0.0,0.0
21.603333333333328,2024-09-12 09:00:00,2024-09-12 04:00:00,WODC,30.333,-98.133,1395,292.37915,293.14087,96624.56,0.0,0.0,0.0
21.296666666666667,2024-09-12 10:00:00,2024-09-12 05:00:00,WODC,30.333,-98.133,1395,292.30627,293.08167,96652.31,0.0,0.010467529,0.042785645
17.8725,2024-09-12 11:00:00,2024-09-12 06:00:00,WODC,30.333,-98.133,1395,292.1676,292.724,96713.44,0.0,0.006958008,0.11392212
5.1275,2024-09-12 12:00:00,2024-09-12 07:00:00,WODC,30.333,-98.133,1395,292.5111,293.469,96733.75,0.0,0.090911865,0.11437988
0.0,2024-09-12 13:00:00,2024-09-12 08:00:00,WODC,30.333,-98.133,1395,293.12854,294.06665,96770.44,0.0,0.07949829,0.22906494
0.0,2024-09-12 14:00:00,2024-09-12 09:00:00,WODC,30.333,-98.133,1395,294.09485,296.1305,96826.125,0.0,0.038360596,0.34674072
0.0,2024-09-12 15:00:00,2024-09-12 10:00:00,WODC,30.333,-98.133,1395,293.9784,297.0144,96876.0,0.0,0.12905884,0.46765137
0.0,2024-09-12 16:00:00,2024-09-12 11:00:00,WODC,30.333,-98.133,1395,293.43408,298.29993,96904.25,0.0,0.14068604,0.29885864
0.0,2024-09-12 17:00:00,2024-09-12 12:00:00,WODC,30.333,-98.133,1395,292.97742,301.16528,96877.19,0.0,0.1513977,0.13574219
0.0,2024-09-12 18:00:00,2024-09-12 13:00:00,WODC,30.333,-98.133,1395,292.19617,302.50476,96832.06,0.0,0.14093018,0.008361816
0.0,2024-09-12 19:00:00,2024-09-12 14:00:00,WODC,30.333,-98.133,1395,291.50903,304.0072,96724.31,0.0,0.18743896,0.027435303
0.0,2024-09-12 20:00:00,2024-09-12 15:00:00,WODC,30.333,-98.133,1395,290.72302,304.9911,96659.56,0.0,0.13793945,0.03137207
0.0,2024-09-12 21:00:00,2024-09-12 16:00:00,WODC,30.333,-98.133,1395,290.26086,305.60632,96601.69,0.0,0.13208008,0.08859253
0.0,2024-09-12 22:00:00,2024-09-12 17:00:00,WODC,30.333,-98.133,1395,289.65784,305.55835,96539.5,0.0,0.13833618,0.013031006
0.0,2024-09-12 23:00:00,2024-09-12 18:00:00,WODC,30.333,-98.133,1395,289.46753,305.12683,96542.125,0.0,0.14971924,0.0014038086
5.054166666666667,2024-09-13 00:00:00,2024-09-12 19:00:00,WODC,30.333,-98.133,1395,291.64734,302.98413,96556.875,0.0,0.13461304,0.003479004
17.035833333333333,2024-09-13 01:00:00,2024-09-12 20:00:00,WODC,30.333,-98.133,1395,290.6189,301.3473,96571.81,0.0,0.10699463,0.037902832
19.601666666666663,2024-09-13 02:00:00,2024-09-12 21:00:00,WODC,30.333,-98.133,1395,290.6474,298.54907,96628.69,0.0,0.05883789,0.06765747
19.656666666666663,2024-09-13 03:00:00,2024-09-12 22:00:00,WODC,30.333,-98.133,1395,290.68665,297.58655,96740.375,0.0,0.025604248,0.032562256
19.776666666666667,2024-09-13 04:00:00,2024-09-12 23:00:00,WODC,30.333,-98.133,1395,290.29407,297.79004,96819.25,0.0,0.015350342,0.020477295
20.023333333333333,2024-09-13 05:00:00,2024-09-13 00:00:00,WODC,30.333,-98.133,1395,290.65515,296.3756,96842.31,0.0,0.0,0.0
20.3925,2024-09-13 06:00:00,2024-09-13 01:00:00,WODC,30.333,-98.133,1395,290.59656,295.15247,96862.69,0.0,0.0,0.0
20.758333333333333,2024-09-13 07:00:00,2024-09-13 02:00:00,WODC,30.333,-98.133,1395,290.5277,294.8297,96889.0,0.0,0.0,0.0
20.761666666666667,2024-09-13 08:00:00,2024-09-13 03:00:00,WODC,30.333,-98.133,1395,290.3213,294.10168,96884.69,0.003479004,0.0,0.0
20.8225,2024-09-13 09:00:00,2024-09-13 04:00:00,WODC,30.333,-98.133,1395,290.27625,293.49084,96863.875,0.0014038086,0.0,0.0
20.7025,2024-09-13 10:00:00,2024-09-13 05:00:00,WODC,30.333,-98.133,1395,290.68982,292.56226,96874.31,0.0,0.005584717,0.005584717
17.650000000000002,2024-09-13 11:00:00,2024-09-13 06:00:00,WODC,30.333,-98.133,1395,290.65125,292.67664,96880.31,0.0,0.0014038086,0.009307861
5.204999999999999,2024-09-13 12:00:00,2024-09-13 07:00:00,WODC,30.333,-98.133,1395,290.75623,293.01294,96905.44,0.020477295,0.0,0.0134887695
0.0,2024-09-13 13:00:00,2024-09-13 08:00:00,WODC,30.333,-98.133,1395,291.1339,293.78442,96954.69,0.07910156,0.0,0.05303955
0.0,2024-09-13 14:00:00,2024-09-13 09:00:00,WODC,30.333,-98.133,1395,292.27002,296.04272,96975.375,0.027893066,0.0,0.08255005
0.0,2024-09-13 15:00:00,2024-09-13 10:00:00,WODC,30.333,-98.133,1395,294.13684,298.43152,97005.875,0.023254395,0.0,0.13348389
0.0,2024-09-13 16:00:00,2024-09-13 11:00:00,WODC,30.333,-98.133,1395,295.13574,300.34167,97045.0,0.027648926,0.0,0.3651123
0.0,2024-09-13 17:00:00,2024-09-13 12:00:00,WODC,30.333,-98.133,1395,295.0758,303.4591,96992.81,0.03604126,0.018157959,0.45373535
0.0,2024-09-13 18:00:00,2024-09-13 13:00:00,WODC,30.333,-98.133,1395,294.9541,304.81726,96970.625,0.0,0.05117798,0.53378296
0.0,2024-09-13 19:00:00,2024-09-13 14:00:00,WODC,30.333,-98.133,1395,294.9696,305.81274,96900.625,0.0,0.14724731,0.17773438
0.0,2024-09-13 20:00:00,2024-09-13 15:00:00,WODC,30.333,-98.133,1395,294.42914,306.99573,96834.19,0.0,0.085357666,0.007659912
0.0,2024-09-13 21:00:00,2024-09-13 16:00:00,WODC,30.333,-98.133,1395,294.3103,307.30017,96758.625,0.058563232,0.019989014,0.0
0.0,2024-09-13 22:00:00,2024-09-13 17:00:00,WODC,30.333,-98.133,1395,293.02142,307.30103,96708.125,0.030670166,0.07229614,0.09750366
0.0,2024-09-13 23:00:00,2024-09-13 18:00:00,WODC,30.333,-98.133,1395,292.79938,306.98914,96699.75,0.6657715,0.0664978,0.025817871
5.304166666666667,2024-09-14 00:00:00,2024-09-13 19:00:00,WODC,30.333,-98.133,1395,293.20984,305.651,96722.25,0.8069153,0.075805664,0.003479004
17.139166666666668,2024-09-14 01:00:00,2024-09-13 20:00:00,WODC,30.333,-98.133,1395,293.3695,304.02258,96765.25,0.9734802,0.024658203,0.0
18.8375,2024-09-14 02:00:00,2024-09-13 21:00:00,WODC,30.333,-98.133,1395,293.78516,301.7052,96805.0,1.0,0.06277466,0.01373291
18.73,2024-09-14 03:00:00,2024-09-13 22:00:00,WODC,30.333,-98.133,1395,294.04102,300.92236,96856.94,1.0,0.02999878,0.0
19.11583333333333,2024-09-14 04:00:00,2024-09-13 23:00:00,WODC,30.333,-98.133,1395,293.937,300.31763,96916.375,1.0,0.018859863,0.0
19.0375,2024-09-14 05:00:00,2024-09-14 00:00:00,WODC,30.333,-98.133,1395,293.46497,299.65118,96894.19,0.99139404,0.019989014,0.0
19.33083333333333,2024-09-14 06:00:00,2024-09-14 01:00:00,WODC,30.333,-98.133,1395,293.66138,299.19214,96902.125,0.9786072,0.0134887695,0.0
20.04333333333333,2024-09-14 07:00:00,2024-09-14 02:00:00,WODC,30.333,-98.133,1395,294.23145,298.9267,96863.0,0.98605347,0.0,0.0
20.654166666666665,2024-09-14 08:00:00,2024-09-14 03:00:00,WODC,30.333,-98.133,1395,294.64685,298.08215,96852.25,0.9062805,0.0,0.0
20.64666666666667,2024-09-14 09:00:00,2024-09-14 04:00:00,WODC,30.333,-98.133,1395,294.90637,297.90088,96817.125,0.89837646,0.005126953,0.0
20.526666666666667,2024-09-14 10:00:00,2024-09-14 05:00:00,WODC,30.333,-98.133,1395,294.6549,296.88647,96838.625,0.80255127,0.017211914,0.008605957
17.868333333333336,2024-09-14 11:00:00,2024-09-14 06:00:00,WODC,30.333,-98.133,1395,294.68835,296.6413,96873.375,0.74905396,0.0,0.024414062
5.331666666666667,2024-09-14 12:00:00,2024-09-14 07:00:00,WODC,30.333,-98.133,1395,294.83313,296.7276,96913.69,0.79766846,0.0,0.16674805
0.0,2024-09-14 13:00:00,2024-09-14 08:00:00,WODC,30.333,-98.133,1395,295.1875,296.91144,96975.44,0.9376831,0.0,0.603302
0.0,2024-09-14 14:00:00,2024-09-14 09:00:00,WODC,30.333,-98.133,1395,296.17383,298.862,97022.81,0.9786072,0.0,0.6210022
0.0,2024-09-14 15:00:00,2024-09-14 10:00:00,WODC,30.333,-98.133,1395,295.88837,300.48047,97048.0,0.9807129,0.0,0.41522217
0.0,2024-09-14 16:00:00,2024-09-14 11:00:00,WODC,30.333,-98.133,1395,295.16156,301.93372,97077.44,0.9479065,0.0,0.107940674
0.0,2024-09-14 17:00:00,2024-09-14 12:00:00,WODC,30.333,-98.133,1395,294.76575,303.73376,97067.06,1.0,0.0,0.035827637
0.0,2024-09-14 18:00:00,2024-09-14 13:00:00,WODC,30.333,-98.133,1395,294.36707,304.99988,97065.375,0.9555664,0.0,0.048583984
0.0,2024-09-14 19:00:00,2024-09-14 14:00:00,WODC,30.333,-98.133,1395,294.07935,305.67725,97014.125,1.0,0.0,0.053253174
0.0,2024-09-14 20:00:00,2024-09-14 15:00:00,WODC,30.333,-98.133,1395,293.6421,306.354,96944.44,0.9985962,0.0,0.0027770996
0.0,2024-09-14 21:00:00,2024-09-14 16:00:00,WODC,30.333,-98.133,1395,293.41913,306.6748,96892.31,1.0,0.0,0.0
0.0,2024-09-14 22:00:00,2024-09-14 17:00:00,WODC,30.333,-98.133,1395,293.5655,306.30762,96838.94,0.9655762,0.028167725,0.05770874
0.0,2024-09-14 23:00:00,2024-09-14 18:00:00,WODC,30.333,-98.133,1395,293.32947,305.85352,96849.31,0.7670288,0.0,0.0
6.085000000000001,2024-09-15 00:00:00,2024-09-14 19:00:00,WODC,30.333,-98.133,1395,293.80103,304.65613,96823.81,0.63217163,0.0,0.0
16.684166666666666,2024-09-15 01:00:00,2024-09-14 20:00:00,WODC,30.333,-98.133,1395,294.07935,303.29297,96810.875,0.9690552,0.0,0.0
17.778333333333332,2024-09-15 02:00:00,2024-09-14 21:00:00,WODC,30.333,-98.133,1395,294.07275,301.74512,96878.75,0.996521,0.0,0.0
17.75,2024-09-15 03:00:00,2024-09-14 22:00:00,WODC,30.333,-98.133,1395,294.08948,300.60364,96923.5,0.99139404,0.031158447,0.0
17.675,2024-09-15 04:00:00,2024-09-14 23:00:00,WODC,30.333,-98.133,1395,294.24963,300.13867,96964.625,0.9944153,0.15783691,0.0
17.875833333333333,2024-09-15 05:00:00,2024-09-15 00:00:00,WODC,30.333,-98.133,1395,293.97217,299.6079,96961.625,0.98327637,0.19525146,0.0
18.144166666666667,2024-09-15 06:00:00,2024-09-15 01:00:00,WODC,30.333,-98.133,1395,294.03088,299.57483,96972.625,0.9061279,0.47491455,0.0
18.5025,2024-09-15 07:00:00,2024-09-15 02:00:00,WODC,30.333,-98.133,1395,294.39148,299.6538,96957.875,0.72198486,0.35681152,0.0
19.35333333333333,2024-09-15 08:00:00,2024-09-15 03:00:00,WODC,30.333,-98.133,1395,294.6068,298.82898,96920.94,0.55026245,0.33816528,0.0
19.866666666666667,2024-09-15 09:00:00,2024-09-15 04:00:00,WODC,30.333,-98.133,1395,294.98816,298.31714,96923.81,0.8229675,0.29788208,0.0
19.7275,2024-09-15 10:00:00,2024-09-15 05:00:00,WODC,30.333,-98.133,1395,295.21924,296.85266,96925.0,1.0,0.3512268,0.0
17.59666666666667,2024-09-15 11:00:00,2024-09-15 06:00:00,WODC,30.333,-98.133,1395,295.20105,296.87195,96906.75,0.97561646,0.22354126,0.0
5.008333333333334,2024-09-15 12:00:00,2024-09-15 07:00:00,WODC,30.333,-98.133,1395,295.32263,296.8639,96920.81,0.8784485,0.38891602,0.0
0.0,2024-09-15 13:00:00,2024-09-15 08:00:00,WODC,30.333,-98.133,1395,295.53992,296.8772,97007.75,0.017211914,0.021392822,0.0
0.0,2024-09-15 14:00:00,2024-09-15 09:00:00,WODC,30.333,-98.133,1395,296.23962,298.93408,97115.69,0.08605957,0.14465332,0.0
0.0,2024-09-15 15:00:00,2024-09-15 10:00:00,WODC,30.333,-98.133,1395,296.4148,301.61072,97158.81,0.15097046,0.021881104,0.013946533
0.0,2024-09-15 16:00:00,2024-09-15 11:00:00,WODC,30.333,-98.133,1395,295.58936,302.86096,97173.69,0.0,0.0,0.026031494
0.0,2024-09-15 17:00:00,2024-09-15 12:00:00,WODC,30.333,-98.133,1395,295.0724,304.93127,97129.125,0.0,0.0,0.029541016
0.0,2024-09-15 18:00:00,2024-09-15 13:00:00,WODC,30.333,-98.133,1395,294.30432,306.10498,97103.06,0.015594482,0.0,0.05883789
0.0,2024-09-15 19:00:00,2024-09-15 14:00:00,WODC,30.333,-98.133,1395,293.7141,307.33472,96990.625,0.46774292,0.0,0.0446167
0.0,2024-09-15 20:00:00,2024-09-15 15:00:00,WODC,30.333,-98.133,1395,292.3313,307.94653,96920.69,0.73309326,0.0065307617,0.03765869
0.0,2024-09-15 21:00:00,2024-09-15 16:00:00,WODC,30.333,-98.133,1395,291.66077,308.64648,96829.31,0.56185913,0.023254395,0.010467529
0.0,2024-09-15 22:00:00,2024-09-15 17:00:00,WODC,30.333,-98.133,1395,291.3407,307.35632,96741.06,0.030944824,0.4423523,0.006958008
0.0,2024-09-15 23:00:00,2024-09-15 18:00:00,WODC,30.333,-98.133,1395,290.7976,307.55505,96733.69,0.02999878,0.3515625,0.0
5.3475,2024-09-16 00:00:00,2024-09-15 19:00:00,WODC,30.333,-98.133,1395,292.49792,305.73462,96762.81,0.008605957,0.17230225,0.0
16.788333333333334,2024-09-16 01:00:00,2024-09-15 20:00:00,WODC,30.333,-98.133,1395,291.94995,303.2163,96863.75,0.005126953,0.1958313,0.003479004
18.36833333333333,2024-09-16 02:00:00,2024-09-15 21:00:00,WODC,30.333,-98.133,1395,291.83362,301.485,96931.06,0.0014038086,0.35256958,0.02859497
18.308333333333334,2024-09-16 03:00:00,2024-09-15 22:00:00,WODC,30.333,-98.133,1395,291.24524,300.5608,97017.625,0.004180908,0.23184204,0.016967773
18.11916666666667,2024-09-16 04:00:00,2024-09-15 23:00:00,WODC,30.333,-98.133,1395,291.6808,300.18103,97081.75,0.015808105,0.12878418,0.0027770996
18.125833333333333,2024-09-16 05:00:00,2024-09-16 00:00:00,WODC,30.333,-98.133,1395,292.34595,297.57666,97059.75,0.009307861,0.12927246,0.0
18.23,2024-09-16 06:00:00,2024-09-16 01:00:00,WODC,30.333,-98.133,1395,292.83276,296.78552,97074.125,0.0,0.14764404,0.0
18.425833333333333,2024-09-16 07:00:00,2024-09-16 02:00:00,WODC,30.333,-98.133,1395,292.8938,296.81738,97049.19,0.0,0.16790771,0.0
18.817500000000003,2024-09-16 08:00:00,2024-09-16 03:00:00,WODC,30.333,-98.133,1395,292.7146,295.88538,97033.875,0.009765625,0.035583496,0.0
19.328333333333333,2024-09-16 09:00:00,2024-09-16 04:00:00,WODC,30.333,-98.133,1395,292.63257,295.4602,97005.56,0.07345581,0.021392822,0.0
20.456666666666667,2024-09-16 10:00:00,2024-09-16 05:00:00,WODC,30.333,-98.133,1395,292.09912,294.25623,97005.0,0.17419434,0.011413574,0.0
18.0775,2024-09-16 11:00:00,2024-09-16 06:00:00,WODC,30.333,-98.133,1395,291.9668,294.34265,97026.0,0.07397461,0.014892578,0.0
5.873333333333334,2024-09-16 12:00:00,2024-09-16 07:00:00,WODC,30.333,-98.133,1395,291.68823,294.08423,97040.375,0.0,0.018585205,0.0
0.0,2024-09-16 13:00:00,2024-09-16 08:00:00,WODC,30.333,-98.133,1395,292.66162,295.17078,97067.0,0.0,0.0,0.0
0.0,2024-09-16 14:00:00,2024-09-16 09:00:00,WODC,30.333,-98.133,1395,292.92444,298.5188,97116.75,0.0,0.017211914,0.0
0.0,2024-09-16 15:00:00,2024-09-16 10:00:00,WODC,30.333,-98.133,1395,293.45532,300.63452,97160.69,0.0,0.003479004,0.0
0.0,2024-09-16 16:00:00,2024-09-16 11:00:00,WODC,30.333,-98.133,1395,293.1173,302.22504,97178.875,0.0,0.0,0.0
0.0,2024-09-16 17:00:00,2024-09-16 12:00:00,WODC,30.333,-98.133,1395,292.93677,304.51984,97151.94,0.0,0.0,0.0
0.0,2024-09-16 18:00:00,2024-09-16 13:00:00,WODC,30.333,-98.133,1395,292.69873,305.4156,97134.375,0.0,0.10562134,0.012084961
0.0,2024-09-16 19:00:00,2024-09-16 14:00:00,WODC,30.333,-98.133,1395,292.8661,305.66534,97044.94,0.0,0.3881836,0.10256958
0.0,2024-09-16 20:00:00,2024-09-16 15:00:00,WODC,30.333,-98.133,1395,292.85217,306.45032,97023.0,0.0,0.36584473,0.05770874
0.0,2024-09-16 21:00:00,2024-09-16 16:00:00,WODC,30.333,-98.133,1395,293.1499,306.37195,96915.875,0.0,0.33010864,0.050689697
0.0,2024-09-16 22:00:00,2024-09-16 17:00:00,WODC,30.333,-98.133,1395,293.0268,307.0089,96856.44,0.0,0.5517273,0.0
0.0,2024-09-16 23:00:00,2024-09-16 18:00:00,WODC,30.333,-98.133,1395,293.1446,306.53955,96846.31,0.0,0.5607605,0.0
5.956666666666667,2024-09-17 00:00:00,2024-09-16 19:00:00,WODC,30.333,-98.133,1395,293.28638,305.11145,96914.75,0.0,0.5201111,0.018157959
17.006666666666664,2024-09-17 01:00:00,2024-09-16 20:00:00,WODC,30.333,-98.133,1395,293.56726,303.68872,96943.25,0.0,0.51516724,0.10583496
18.063333333333333,2024-09-17 02:00:00,2024-09-16 21:00:00,WODC,30.333,-98.133,1395,293.77075,301.66907,97014.0,0.0,0.31045532,0.13095093
17.945833333333333,2024-09-17 03:00:00,2024-09-16 22:00:00,WODC,30.333,-98.133,1395,293.67383,300.86682,97083.44,0.0,0.33258057,0.24581909
17.605833333333333,2024-09-17 04:00:00,2024-09-16 23:00:00,WODC,30.333,-98.133,1395,293.75964,300.16284,97086.31,0.0,0.2288208,0.18838501
17.324166666666667,2024-09-17 05:00:00,2024-09-17 00:00:00,WODC,30.333,-98.133,1395,294.1139,298.65698,97088.125,0.0,0.0869751,0.10656738
17.269166666666663,2024-09-17 06:00:00,2024-09-17 01:00:00,WODC,30.333,-98.133,1395,293.9292,297.96118,97064.375,0.0,0.05697632,0.044891357
17.27333333333333,2024-09-17 07:00:00,2024-09-17 02:00:00,WODC,30.333,-98.133,1395,293.76855,297.75885,97046.81,0.0,0.0134887695,0.020690918
17.456666666666663,2024-09-17 08:00:00,2024-09-17 03:00:00,WODC,30.333,-98.133,1395,293.67114,296.8155,97042.94,0.0,0.026977539,0.045806885
18.28833333333333,2024-09-17 09:00:00,2024-09-17 04:00:00,WODC,30.333,-98.133,1395,293.59985,296.56836,97014.06,0.0,0.02722168,0.048583984
18.7875,2024-09-17 10:00:00,2024-09-17 05:00:00,WODC,30.333,-98.133,1395,292.70703,294.97803,97019.69,0.0,0.023956299,0.010009766
17.558333333333337,2024-09-17 11:00:00,2024-09-17 06:00:00,WODC,30.333,-98.133,1395,292.8761,294.7838,97010.5,0.0,0.034179688,0.0
5.423333333333333,2024-09-17 12:00:00,2024-09-17 07:00:00,WODC,30.333,-98.133,1395,292.95117,294.73267,97013.19,0.0,0.011413574,0.0
0.0,2024-09-17 13:00:00,2024-09-17 08:00:00,WODC,30.333,-98.133,1395,293.10535,295.4311,97097.69,0.0,0.02999878,0.010223389
0.0,2024-09-17 14:00:00,2024-09-17 09:00:00,WODC,30.333,-98.133,1395,294.01538,298.28137,97164.375,0.0,0.008605957,0.010223389
0.0,2024-09-17 15:00:00,2024-09-17 10:00:00,WODC,30.333,-98.133,1395,294.3189,300.4477,97215.375,0.0,0.0,0.03024292
0.0,2024-09-17 16:00:00,2024-09-17 11:00:00,WODC,30.333,-98.133,1395,293.71844,302.00146,97197.69,0.0,0.4053955,0.29049683
0.0,2024-09-17 17:00:00,2024-09-17 12:00:00,WODC,30.333,-98.133,1395,293.6443,304.1137,97147.69,0.0,0.3130188,0.28305054
0.0,2024-09-17 18:00:00,2024-09-17 13:00:00,WODC,30.333,-98.133,1395,293.26044,304.57422,97107.19,0.0,0.25979614,0.101867676
0.0,2024-09-17 19:00:00,2024-09-17 14:00:00,WODC,30.333,-98.133,1395,292.90765,305.44592,97026.06,0.0,0.29397583,0.1505127
0.0,2024-09-17 20:00:00,2024-09-17 15:00:00,WODC,30.333,-98.133,1395,292.0453,306.0746,96950.625,0.0,0.31723022,0.027893066
0.0,2024-09-17 21:00:00,2024-09-17 16:00:00,WODC,30.333,-98.133,1395,291.47772,306.32056,96871.69,0.0,0.37823486,0.0
0.0,2024-09-17 22:00:00,2024-09-17 17:00:00,WODC,30.333,-98.133,1395,292.1781,306.49634,96774.0,0.0,0.4878235,0.11026001
0.0,2024-09-17 23:00:00,2024-09-17 18:00:00,WODC,30.333,-98.133,1395,291.99268,306.12854,96761.94,0.0,0.3295288,0.0014038086
5.609166666666667,2024-09-18 00:00:00,2024-09-17 19:00:00,WODC,30.333,-98.133,1395,292.0111,305.35413,96748.19,0.0,0.32348633,0.017211914
17.27583333333333,2024-09-18 01:00:00,2024-09-17 20:00:00,WODC,30.333,-98.133,1395,292.21057,303.69128,96770.44,0.0,0.14230347,0.098602295
18.566666666666663,2024-09-18 02:00:00,2024-09-17 21:00:00,WODC,30.333,-98.133,1395,292.20007,301.24097,96788.25,0.0,0.08673096,0.11764526
18.03833333333333,2024-09-18 03:00:00,2024-09-17 22:00:00,WODC,30.333,-98.133,1395,292.38403,300.42053,96843.56,0.0,0.1690979,0.2437439
17.180833333333332,2024-09-18 04:00:00,2024-09-17 23:00:00,WODC,30.333,-98.133,1395,292.4016,300.02942,96887.125,0.0,0.14703369,0.18511963
16.781666666666666,2024-09-18 05:00:00,2024-09-18 00:00:00,WODC,30.333,-98.133,1395,292.37854,299.22437,96894.125,0.0,0.018585205,0.19000244
16.60333333333333,2024-09-18 06:00:00,2024-09-18 01:00:00,WODC,30.333,-98.133,1395,292.6266,298.7218,96881.69,0.0,0.019989014,0.03048706
16.695,2024-09-18 07:00:00,2024-09-18 02:00:00,WODC,30.333,-98.133,1395,293.484,298.14514,96877.125,0.0,0.010009766,0.04928589
17.0625,2024-09-18 08:00:00,2024-09-18 03:00:00,WODC,30.333,-98.133,1395,294.1931,297.31854,96897.125,0.0,0.012084961,0.076293945
17.543333333333333,2024-09-18 09:00:00,2024-09-18 04:00:00,WODC,30.333,-98.133,1395,294.47815,296.8369,96863.5,0.0,0.019989014,0.02999878
18.035,2024-09-18 10:00:00,2024-09-18 05:00:00,WODC,30.333,-98.133,1395,295.41504,296.16748,96866.44,0.0,0.011413574,0.06604004
17.04833333333333,2024-09-18 11:00:00,2024-09-18 06:00:00,WODC,30.333,-98.133,1395,295.526,296.16455,96895.44,0.0,0.019989014,0.15930176
5.976666666666667,2024-09-18 12:00:00,2024-09-18 07:00:00,WODC,30.333,-98.133,1395,295.55804,296.2417,96898.56,0.0,0.011413574,0.2720642
0.0,2024-09-18 13:00:00,2024-09-18 08:00:00,WODC,30.333,-98.133,1395,295.95148,296.98602,96929.375,0.0,0.018585205,0.42437744
0.0,2024-09-18 14:00:00,2024-09-18 09:00:00,WODC,30.333,-98.133,1395,296.2207,298.73242,96967.81,0.0,0.0014038086,0.36694336
0.0,2024-09-18 15:00:00,2024-09-18 10:00:00,WODC,30.333,-98.133,1395,296.0631,300.5819,96990.81,0.0,0.03768921,0.53811646
0.0,2024-09-18 16:00:00,2024-09-18 11:00:00,WODC,30.333,-98.133,1395,295.47815,301.9242,96991.375,0.0,0.008605957,0.9651489
0.0,2024-09-18 17:00:00,2024-09-18 12:00:00,WODC,30.333,-98.133,1395,294.83356,304.08765,96969.81,0.0,0.17160034,0.31567383
0.0,2024-09-18 18:00:00,2024-09-18 13:00:00,WODC,30.333,-98.133,1395,294.1101,304.95557,96947.94,0.0,0.18789673,0.19970703
0.0,2024-09-18 19:00:00,2024-09-18 14:00:00,WODC,30.333,-98.133,1395,293.7058,305.68518,96861.625,0.0,0.16629028,0.18582153
0.0,2024-09-18 20:00:00,2024-09-18 15:00:00,WODC,30.333,-98.133,1395,293.53357,307.30286,96781.125,0.0,0.21557617,0.08493042
0.0,2024-09-18 21:00:00,2024-09-18 16:00:00,WODC,30.333,-98.133,1395,293.6996,307.01782,96720.25,0.0,0.20300293,0.09762573
0.0,2024-09-18 22:00:00,2024-09-18 17:00:00,WODC,30.333,-98.133,1395,294.41144,307.24634,96638.94,0.0,0.19232178,0.0718689
0.0,2024-09-18 23:00:00,2024-09-18 18:00:00,WODC,30.333,-98.133,1395,294.2179,306.8955,96642.94,0.0,0.6272583,0.04510498
6.315,2024-09-19 00:00:00,2024-09-18 19:00:00,WODC,30.333,-98.133,1395,294.04504,306.01978,96644.75,0.0,0.50424194,0.12487793
17.964166666666667,2024-09-19 01:00:00,2024-09-18 20:00:00,WODC,30.333,-98.133,1395,294.33203,304.13135,96679.31,0.031402588,0.5635071,0.08325195
18.916666666666668,2024-09-19 02:00:00,2024-09-18 21:00:00,WODC,30.333,-98.133,1395,294.40662,302.78906,96746.875,0.032318115,0.37402344,0.0657959
18.55,2024-09-19 03:00:00,2024-09-18 22:00:00,WODC,30.333,-98.133,1395,294.5122,302.23486,96816.125,0.04534912,0.2993164,0.104400635
18.105833333333333,2024-09-19 04:00:00,2024-09-18 23:00:00,WODC,30.333,-98.133,1395,294.51562,301.45813,96847.56,0.005584717,0.20513916,0.07977295
17.430833333333332,2024-09-19 05:00:00,2024-09-19 00:00:00,WODC,30.333,-98.133,1395,294.54675,300.14423,96883.06,0.0,0.18347168,0.14208984
16.874166666666667,2024-09-19 06:00:00,2024-09-19 01:00:00,WODC,30.333,-98.133,1395,294.91467,299.57043,96915.875,0.0,0.22375488,0.114868164
16.603333333333335,2024-09-19 07:00:00,2024-09-19 02:00:00,WODC,30.333,-98.133,1395,295.39026,299.1856,96914.19,0.0,0.2944336,0.2218628
16.750833333333336,2024-09-19 08:00:00,2024-09-19 03:00:00,WODC,30.333,-98.133,1395,295.83447,298.35352,96922.06,0.0,0.005126953,0.14929199
17.33666666666667,2024-09-19 09:00:00,2024-09-19 04:00:00,WODC,30.333,-98.133,1395,296.07385,298.08313,96882.31,0.0,0.0048828125,0.28302002
17.919999999999998,2024-09-19 10:00:00,2024-09-19 05:00:00,WODC,30.333,-98.133,1395,296.385,297.24854,96885.25,0.0,0.005126953,0.55825806
16.985000000000003,2024-09-19 11:00:00,2024-09-19 06:00:00,WODC,30.333,-98.133,1395,296.48535,297.33832,96906.44,0.0,0.0,0.9581909
6.025,2024-09-19 12:00:00,2024-09-19 07:00:00,WODC,30.333,-98.133,1395,296.458,297.18793,96950.375,0.0,0.0,0.9897766
0.0,2024-09-19 13:00:00,2024-09-19 08:00:00,WODC,30.333,-98.133,1395,296.63306,297.74097,96993.06,0.0,0.0,0.88586426
0.0,2024-09-19 14:00:00,2024-09-19 09:00:00,WODC,30.333,-98.133,1395,296.88098,299.57483,97055.75,0.0,0.0,0.69818115
0.0,2024-09-19 15:00:00,2024-09-19 10:00:00,WODC,30.333,-98.133,1395,296.64978,300.80762,97073.31,0.0,0.0,0.46417236
0.0,2024-09-19 16:00:00,2024-09-19 11:00:00,WODC,30.333,-98.133,1395,296.20056,302.24768,97080.69,0.0,0.099090576,0.45272827
0.0,2024-09-19 17:00:00,2024-09-19 12:00:00,WODC,30.333,-98.133,1395,295.40057,304.5376,97075.375,0.0,0.19070435,0.28121948
0.0,2024-09-19 18:00:00,2024-09-19 13:00:00,WODC,30.333,-98.133,1395,294.8213,305.31177,97036.75,0.0,0.23049927,0.18908691
0.0,2024-09-19 19:00:00,2024-09-19 14:00:00,WODC,30.333,-98.133,1395,294.35864,306.37354,96957.0,0.0,0.25604248,0.042785645
0.0,2024-09-19 20:00:00,2024-09-19 15:00:00,WODC,30.333,-98.133,1395,293.78223,307.2063,96862.31,0.0,0.20089722,0.10443115
0.0,2024-09-19 21:00:00,2024-09-19 16:00:00,WODC,30.333,-98.133,1395,293.50354,307.83398,96800.19,0.0,0.11883545,0.010467529
0.0,2024-09-19 22:00:00,2024-09-19 17:00:00,WODC,30.333,-98.133,1395,294.09766,306.7085,96691.125,0.0,0.31652832,0.0
0.0,2024-09-19 23:00:00,2024-09-19 18:00:00,WODC,30.333,-98.133,1395,293.7119,306.07776,96693.19,0.0,0.3357849,0.040008545
6.9575,2024-09-20 00:00:00,2024-09-19 19:00:00,WODC,30.333,-98.133,1395,294.00415,305.17712,96731.56,0.0,0.20626831,0.003479004
18.535,2024-09-20 01:00:00,2024-09-19 20:00:00,WODC,30.333,-98.133,1395,294.18005,303.662,96709.875,0.0,0.10232544,0.05001831
19.604166666666668,2024-09-20 02:00:00,2024-09-19 21:00:00,WODC,30.333,-98.133,1395,294.1349,302.21802,96784.0,0.0,0.11306763,0.13095093
19.086666666666662,2024-09-20 03:00:00,2024-09-19 22:00:00,WODC,30.333,-98.133,1395,294.3844,301.96216,96848.56,0.0,0.011627197,0.005584717
18.719166666666663,2024-09-20 04:00:00,2024-09-19 23:00:00,WODC,30.333,-98.133,1395,294.98926,300.92334,96890.625,0.0,0.005126953,0.0
18.124166666666664,2024-09-20 05:00:00,2024-09-20 00:00:00,WODC,30.333,-98.133,1395,295.49976,299.5603,96868.56,0.0,0.005126953,0.0
17.421666666666663,2024-09-20 06:00:00,2024-09-20 01:00:00,WODC,30.333,-98.133,1395,295.69397,298.7838,96862.31,0.0,0.0,0.0
16.510833333333334,2024-09-20 07:00:00,2024-09-20 02:00:00,WODC,30.333,-98.133,1395,296.09485,298.66437,96890.81,0.0,0.0,0.01373291
15.83,2024-09-20 08:00:00,2024-09-20 03:00:00,WODC,30.333,-98.133,1395,296.42865,298.05786,96900.81,0.0,0.0,0.15679932
16.2725,2024-09-20 09:00:00,2024-09-20 04:00:00,WODC,30.333,-98.133,1395,296.49243,297.65167,96883.69,0.0,0.0,0.32092285
17.290000000000003,2024-09-20 10:00:00,2024-09-20 05:00:00,WODC,30.333,-98.133,1395,296.82312,297.00574,96875.875,0.0,0.08236694,0.8313904
16.909166666666668,2024-09-20 11:00:00,2024-09-20 06:00:00,WODC,30.333,-98.133,1395,296.81128,297.14252,96899.44,0.0,0.07720947,0.3590088
6.125,2024-09-20 12:00:00,2024-09-20 07:00:00,WODC,30.333,-98.133,1395,296.7287,297.0749,96918.125,0.0,0.08721924,0.14859009
0.0,2024-09-20 13:00:00,2024-09-20 08:00:00,WODC,30.333,-98.133,1395,297.0307,297.53198,96954.75,0.0,0.1000061,0.19696045
0.0,2024-09-20 14:00:00,2024-09-20 09:00:00,WODC,30.333,-98.133,1395,297.32123,299.10193,97001.94,0.0,0.0146484375,0.21673584
0.0,2024-09-20 15:00:00,2024-09-20 10:00:00,WODC,30.333,-98.133,1395,296.81122,300.76178,97041.19,0.0,0.0048828125,0.21582031
0.0,2024-09-20 16:00:00,2024-09-20 11:00:00,WODC,30.333,-98.133,1395,296.20532,302.46716,97074.31,0.0,0.07373047,0.1748352
0.0,2024-09-20 17:00:00,2024-09-20 12:00:00,WODC,30.333,-98.133,1395,295.45636,304.3839,97034.56,0.0,0.21395874,0.12557983
0.0,2024-09-20 18:00:00,2024-09-20 13:00:00,WODC,30.333,-98.133,1395,294.42566,305.39697,96985.81,0.0,0.1260376,0.09182739
